previous_demand,temperature,humidity,occupancy,hour,day_type,user_activity,demand
35.0,18.6,56.2,67.9,6,1,0,51.21
41.69,33.5,45.0,14.7,19,0,1,91.57
62.38,30.9,59.9,67.3,14,0,2,91.85
64.81,27.5,66.4,82.8,10,0,1,95.02
50.86,22.7,58.0,25.7,7,0,1,59.4
48.05,31.3,68.0,16.1,20,0,1,87.96
47.32,27.7,65.6,32.4,6,0,2,74.85
63.82,32.0,67.1,79.3,18,0,0,101.46
43.84,36.8,48.2,18.0,22,0,2,90.27
88.56,22.1,74.5,77.3,10,0,2,101.41
71.18,28.4,74.7,84.1,10,0,1,93.58
35.0,28.5,53.9,17.7,23,0,2,69.08
40.52,29.8,54.9,31.2,20,0,2,93.81
35.0,17.5,58.4,14.6,3,0,2,50.11
59.87,21.1,54.0,16.9,7,0,1,57.09
35.0,29.5,47.3,38.3,23,0,0,64.63
35.0,23.2,54.9,32.4,2,0,0,37.65
38.04,32.1,56.5,5.0,21,0,1,83.84
35.0,32.9,47.5,55.5,20,1,1,95.96
35.0,16.0,69.2,30.9,1,0,1,47.89
35.0,34.8,54.3,26.7,23,0,2,85.31
86.27,28.5,53.5,82.4,11,0,2,112.65
47.24,19.7,63.7,26.4,5,0,1,48.6
35.0,16.0,63.0,23.4,1,0,2,50.16
35.0,32.9,51.2,23.0,20,0,2,95.74
35.0,19.4,58.0,53.1,0,1,1,55.68
77.96,23.1,62.2,83.3,11,0,0,86.8
35.0,30.7,50.6,29.9,21,0,1,93.27
72.76,29.2,47.3,76.1,11,0,1,103.55
63.42,24.6,65.0,68.4,16,0,1,78.44
68.76,22.4,67.1,71.3,9,0,1,84.25
48.52,31.9,63.4,87.8,15,0,0,83.74
73.42,34.1,44.5,86.6,14,0,1,91.77
57.79,38.4,45.4,52.2,14,1,2,91.59
47.71,39.6,50.2,76.2,18,0,1,113.21
70.14,27.6,53.9,81.0,11,0,2,107.01
35.0,29.8,60.7,30.2,22,0,2,73.52
50.27,35.6,55.5,30.1,19,0,2,110.62
35.0,16.2,70.9,11.7,2,0,2,48.84
35.0,17.0,78.1,10.9,4,0,2,51.97
57.03,30.5,60.7,74.0,18,1,1,95.28
45.59,20.2,65.1,43.1,6,0,0,57.28
35.0,33.7,51.5,7.2,20,0,1,87.88
60.35,21.6,61.7,39.7,8,1,1,65.22
54.32,22.3,53.7,34.8,6,0,1,64.63
68.04,37.8,35.7,48.6,17,0,1,113.62
35.0,19.6,68.0,12.1,3,0,2,49.08
67.31,34.9,61.8,58.9,13,1,2,90.31
54.26,36.2,48.4,67.8,17,0,2,120.06
64.34,26.4,71.6,77.5,8,0,1,78.36
35.0,30.6,54.1,42.6,20,0,0,84.54
35.0,21.8,46.9,14.8,1,0,0,31.4
36.19,30.9,62.6,25.6,19,0,1,86.64
56.44,29.6,52.4,70.9,14,0,0,70.79
54.25,23.3,69.5,26.6,6,0,0,50.39
79.33,27.0,48.1,75.1,11,0,2,108.3
64.83,20.1,67.2,56.6,7,0,1,73.22
55.72,23.5,54.8,92.9,14,0,1,69.82
35.0,22.2,63.9,6.0,2,0,0,37.48
72.14,31.2,61.2,64.2,13,0,1,90.65
76.56,24.0,65.0,65.7,16,0,0,65.13
35.0,16.1,67.6,10.2,3,0,2,50.81
45.7,32.1,43.3,58.6,17,0,1,98.54
58.84,24.7,66.1,37.9,7,1,1,59.54
42.8,16.0,75.5,16.1,3,0,1,46.39
35.0,17.3,57.8,14.3,1,0,0,35.85
48.02,23.1,54.4,49.2,5,0,1,52.31
35.0,30.5,64.2,16.9,21,0,1,83.03
49.54,26.1,57.5,69.7,9,0,1,86.12
35.0,17.2,59.3,33.9,3,0,0,41.81
35.0,35.6,53.7,19.6,21,0,1,89.49
55.19,28.2,52.3,61.0,17,0,1,95.62
79.8,22.5,63.3,56.9,11,1,2,95.39
35.0,17.8,62.5,64.1,1,1,1,48.86
64.73,19.3,61.9,69.2,9,0,1,90.78
40.63,16.0,76.1,14.1,3,0,1,43.41
70.84,33.2,33.7,65.0,13,1,1,81.72
68.19,26.4,63.3,71.3,15,0,1,79.13
78.83,24.3,68.1,100.0,14,0,1,83.01
48.39,19.7,59.3,30.6,7,1,1,59.31
65.19,25.4,67.1,95.8,13,0,2,88.84
39.21,31.2,47.4,39.0,22,0,1,73.31
51.73,18.6,59.9,35.4,7,1,2,67.57
43.04,34.0,46.6,25.0,20,0,1,92.15
53.48,32.9,61.3,62.6,15,0,2,86.2
54.98,22.9,47.7,68.5,12,0,2,93.8
59.38,28.9,70.0,55.3,17,1,1,93.04
70.63,27.6,55.5,61.9,14,1,2,80.19
40.49,31.3,59.8,43.0,20,1,0,76.94
40.85,35.7,55.7,28.7,23,0,2,86.45
65.1,32.6,55.2,58.2,12,1,1,95.2
62.81,34.0,48.0,44.8,8,1,0,72.49
83.47,20.6,73.5,81.6,14,0,1,78.65
66.26,24.3,56.4,57.3,12,1,2,88.84
35.0,24.3,54.7,45.9,0,1,0,48.23
35.86,16.0,74.2,24.0,6,0,1,50.76
80.4,31.2,56.2,83.9,8,0,1,97.63
35.0,32.0,65.3,28.8,23,0,2,77.84
35.0,17.8,65.3,27.2,0,0,1,57.11
63.59,21.9,57.2,73.8,11,0,0,78.11
48.06,21.2,65.3,40.5,7,0,0,56.05
35.0,38.4,45.7,44.9,23,1,1,74.64
65.71,25.9,54.3,44.1,10,1,1,77.94
55.21,29.9,62.7,54.3,18,1,2,99.89
73.54,32.6,68.6,72.3,16,0,0,83.66
58.08,22.2,60.3,25.0,7,0,1,61.49
35.46,19.7,56.4,27.1,2,0,0,42.42
35.0,16.0,66.0,13.7,2,0,0,34.54
35.0,16.8,70.7,39.2,0,1,1,53.39
35.0,17.4,68.1,36.2,4,1,1,40.8
83.11,17.8,75.3,88.0,9,0,1,97.56
55.94,23.9,66.2,28.1,6,1,2,60.51
66.67,19.1,55.9,39.8,8,1,1,62.18
56.16,21.3,59.0,16.8,6,0,2,72.88
57.08,27.7,46.8,62.4,8,1,2,77.73
63.92,17.0,75.6,40.1,7,0,1,65.83
86.6,29.5,40.5,55.3,11,0,2,111.86
35.0,16.5,56.6,15.4,1,0,1,44.96
35.0,16.0,63.1,35.5,0,0,0,50.4
68.18,38.4,53.8,80.5,15,0,1,101.88
35.0,31.7,50.4,30.1,22,0,0,64.89
35.0,29.5,53.5,27.3,22,0,1,65.13
35.0,28.3,54.6,36.4,23,0,1,66.98
39.16,23.5,62.6,34.4,4,0,0,38.26
35.0,16.0,57.4,21.5,2,0,0,34.77
78.49,30.1,48.4,60.6,11,0,2,109.08
55.45,22.9,75.1,5.0,7,0,1,53.15
35.0,36.4,54.1,23.8,21,0,0,88.12
35.0,16.0,73.3,5.0,2,0,1,36.9
35.0,16.0,67.7,28.0,0,0,1,51.3
35.0,17.2,65.1,21.3,2,0,1,49.78
35.0,19.2,68.3,63.3,4,1,2,52.91
61.54,28.2,63.2,79.1,14,0,1,80.69
60.94,39.4,55.3,74.6,13,0,1,101.12
35.0,26.6,57.7,20.6,2,1,2,47.05
35.0,18.3,73.0,24.9,0,1,2,54.71
45.83,21.7,42.9,48.2,4,1,0,43.93
35.0,30.8,62.5,36.2,22,1,0,56.58
71.77,24.7,56.8,100.0,13,0,0,78.2
45.07,21.2,67.5,24.0,6,0,1,61.24
49.88,27.1,53.1,77.0,8,0,1,76.49
71.69,34.9,41.5,59.2,14,0,1,92.06
59.73,33.6,55.8,86.4,14,0,2,96.69
69.46,19.0,52.8,63.9,9,0,2,94.94
80.77,26.8,55.3,81.3,12,0,0,92.83
52.14,25.9,52.8,69.7,18,1,1,84.8
53.15,26.6,57.3,41.1,6,1,1,66.05
70.75,29.3,63.0,96.1,16,0,1,93.12
43.32,31.7,50.7,52.7,19,1,1,93.48
35.0,21.1,65.7,45.1,3,0,2,56.13
35.0,31.1,61.1,24.7,4,1,1,48.58
35.0,32.8,48.9,34.6,22,0,1,75.77
41.65,21.0,58.5,38.3,6,1,2,61.76
81.27,23.0,72.5,66.5,12,0,1,94.45
75.87,35.5,51.0,55.1,14,0,0,88.11
58.33,25.3,63.8,71.9,10,0,1,90.01
35.0,25.8,63.4,21.1,3,0,0,44.31
66.26,32.4,44.5,77.1,12,0,2,111.35
52.54,20.1,57.9,33.7,6,0,0,53.4
58.61,26.2,62.1,65.3,18,0,1,98.44
35.91,33.0,37.0,46.1,21,0,1,95.86
35.0,16.0,65.5,18.5,1,0,2,50.26
65.13,25.2,52.9,47.2,9,1,0,71.46
63.86,32.2,63.1,76.1,12,0,0,98.35
35.0,25.4,62.5,22.6,20,0,0,68.4
50.3,22.0,71.9,25.5,5,0,0,40.84
85.7,30.1,55.6,48.7,11,1,0,89.06
68.43,30.3,54.9,70.3,11,0,1,101.07
43.91,26.5,56.4,43.9,19,1,0,69.77
77.41,27.7,53.8,53.4,10,1,0,81.8
35.0,36.5,72.2,19.4,22,0,2,86.83
41.61,23.3,67.8,35.1,6,0,1,60.63
40.95,16.6,58.2,36.0,0,1,1,56.5
35.0,21.6,83.8,34.6,0,1,1,48.79
40.63,29.2,53.4,27.6,19,0,2,96.22
70.18,21.9,65.1,77.2,12,0,0,82.41
46.54,23.2,69.0,32.9,8,1,2,58.12
35.0,20.5,51.3,29.7,2,0,2,51.03
49.8,26.1,52.5,37.9,6,1,0,52.35
44.98,23.1,74.7,17.9,5,0,2,56.0
55.79,26.3,57.2,19.1,7,0,1,64.34
58.82,28.2,65.4,51.4,8,1,0,61.1
35.0,18.6,61.5,19.4,4,0,2,48.19
35.0,16.5,66.1,28.1,0,0,1,56.95
42.09,36.9,64.8,59.6,18,0,1,109.83
61.01,20.2,67.3,88.4,9,0,0,84.49
66.37,28.8,54.2,68.0,11,0,1,94.34
35.0,28.5,51.7,29.8,23,0,2,73.22
74.1,34.1,48.0,72.0,14,0,1,97.74
35.0,31.9,64.4,44.7,21,1,1,90.81
41.39,31.4,61.0,30.3,23,0,0,62.35
55.09,30.9,46.1,73.3,8,0,0,77.19
52.48,27.6,58.6,5.0,19,0,2,88.04
60.42,31.8,54.0,73.1,16,1,1,78.42
63.76,30.2,58.4,58.3,16,1,2,87.09
48.9,34.1,47.9,29.4,19,0,1,99.16
70.33,34.8,61.0,83.3,11,0,1,115.56
41.55,19.5,64.4,19.5,6,0,1,52.19
35.0,16.0,70.2,46.2,1,1,1,43.89
35.0,16.0,60.9,31.0,2,1,0,33.6
67.35,30.0,50.1,79.7,16,0,1,84.94
42.16,20.3,85.1,40.2,4,1,1,47.72
75.17,31.4,69.3,54.9,16,1,2,87.32
35.0,38.6,48.6,25.6,23,0,1,82.04
67.74,37.4,62.3,62.3,16,0,0,87.83
61.85,36.1,60.8,78.7,16,0,0,85.74
35.0,27.7,52.8,30.0,1,0,0,47.05
35.0,20.9,57.4,44.1,1,1,1,43.66
35.0,36.4,56.3,43.0,21,0,2,108.82
35.0,34.9,54.1,23.9,22,0,2,80.76
35.74,22.6,58.7,24.7,4,0,0,38.03
35.0,18.6,70.9,11.0,0,0,1,54.58
35.0,16.0,55.7,43.9,0,0,1,56.94
57.11,26.7,59.5,57.0,18,0,1,94.51
41.12,17.1,56.4,27.7,1,0,1,47.45
44.71,34.3,42.9,17.6,20,0,1,93.8
80.13,27.4,52.5,75.7,11,0,1,96.12
46.31,16.7,69.6,9.3,5,0,0,36.91
35.0,31.1,49.7,35.7,22,0,2,78.75
35.0,18.3,55.6,13.5,3,0,0,35.29
35.0,31.5,58.6,39.0,22,0,1,67.44
76.09,28.0,69.5,63.9,10,0,1,100.76
35.0,34.2,57.7,36.7,23,0,1,79.58
62.27,28.9,71.3,65.0,16,0,2,87.58
46.88,24.9,71.4,32.6,5,1,2,58.57
35.0,35.9,47.4,25.0,23,0,2,81.37
35.0,21.3,68.0,14.8,4,0,1,39.08
46.11,34.6,51.6,49.5,19,1,1,93.74
35.0,21.6,71.2,15.0,1,0,1,42.9
41.95,16.5,66.0,28.8,5,0,2,50.48
35.0,36.2,44.8,40.0,21,1,1,92.89
70.18,22.9,72.7,60.6,10,1,2,96.73
80.9,27.6,60.5,71.1,15,0,2,88.59
64.11,31.1,49.8,81.6,15,0,1,87.15
35.0,16.0,63.2,37.6,0,0,1,54.68
70.17,24.7,54.9,81.9,8,0,0,70.62
47.72,24.9,52.1,22.5,5,0,2,55.95
69.38,23.8,57.2,60.4,15,0,0,63.42
35.0,22.7,64.8,5.0,2,0,2,47.21
35.0,29.1,57.2,24.2,19,0,1,85.16
35.0,20.0,60.5,16.1,3,1,1,40.0
53.45,29.5,68.4,72.6,18,0,2,107.22
36.51,20.6,47.4,41.8,2,0,1,48.67
53.72,35.8,53.8,61.2,18,0,1,110.52
59.13,34.5,51.2,9.6,19,0,1,94.19
46.46,21.9,54.7,32.6,6,0,1,59.24
40.94,30.0,58.9,5.0,19,0,2,88.97
63.35,23.7,59.3,79.6,8,0,1,77.39
35.0,19.7,74.2,42.6,0,0,2,70.26
60.46,25.7,66.4,14.5,7,0,2,68.48
44.88,24.1,75.9,12.5,6,0,1,58.15
45.31,26.3,55.1,82.1,17,0,1,90.57
42.16,22.9,72.9,11.0,7,0,1,54.06
35.0,16.0,57.9,49.7,0,1,1,54.59
67.44,28.7,56.1,61.9,10,0,2,99.66
47.11,28.3,53.6,96.2,17,0,0,92.03
35.0,33.5,58.0,32.9,22,0,1,71.1
83.3,23.9,65.5,75.5,9,0,1,91.81
35.0,16.0,60.0,60.5,2,1,1,39.65
55.82,25.7,64.7,37.4,6,0,1,65.93
71.05,30.2,52.8,64.4,15,1,2,86.51
78.41,35.5,45.1,52.6,15,0,1,93.98
42.54,25.3,59.7,16.6,19,0,1,79.11
50.02,29.8,44.4,88.0,16,0,0,70.9
35.0,16.8,74.0,24.4,1,1,1,37.42
35.0,18.2,65.0,15.8,0,0,0,51.38
77.87,25.0,59.7,62.7,15,0,1,79.76
80.68,29.2,55.9,64.8,11,1,1,97.62
45.47,27.6,71.1,36.6,4,0,0,46.71
56.45,21.9,74.6,36.6,4,0,1,52.99
35.0,32.1,65.1,14.8,22,0,0,53.58
74.04,18.5,64.5,44.7,8,1,2,73.5
59.26,20.9,54.4,64.2,8,0,2,81.4
35.0,18.1,65.4,37.5,2,1,1,37.62
45.98,29.6,58.8,66.2,18,1,2,95.57
71.51,34.5,58.9,87.7,15,0,2,105.49
70.68,32.5,56.5,49.2,15,0,1,86.18
35.0,29.1,48.5,26.2,2,0,0,45.11
38.64,28.0,53.3,41.9,19,0,2,91.98
35.0,31.5,49.8,42.8,23,1,1,63.94
35.0,26.4,63.2,41.0,21,1,1,76.21
35.0,22.5,66.5,18.2,23,0,2,61.98
35.0,20.0,69.6,41.6,0,0,1,58.02
36.25,33.4,55.7,18.8,23,0,1,70.03
37.27,28.5,40.7,23.8,19,0,2,86.14
82.57,26.4,45.0,69.4,10,0,1,100.09
72.16,28.4,56.1,76.3,16,0,1,84.75
39.29,21.0,64.0,42.1,7,0,1,58.46
35.0,17.8,75.8,14.1,3,0,1,42.75
45.34,17.4,66.7,26.4,5,0,2,53.29
68.62,20.1,56.1,29.7,7,0,0,57.08
45.82,29.2,62.0,15.3,19,0,1,85.19
39.5,20.0,63.8,39.3,2,1,0,33.8
61.43,19.2,61.4,97.2,15,0,1,74.2
35.0,17.4,53.1,18.8,2,1,1,32.61
51.29,27.0,59.0,54.9,17,1,2,94.06
86.76,24.7,62.1,78.0,13,0,0,75.31
63.88,29.3,48.6,55.5,17,1,1,93.22
44.43,17.6,71.9,59.6,1,0,1,52.04
35.0,31.1,60.4,31.6,21,0,2,96.13
36.68,16.0,67.6,12.5,2,0,2,48.75
73.72,33.2,53.5,47.0,15,0,2,93.57
60.22,20.4,71.3,79.1,8,0,2,81.28
38.53,16.2,70.0,15.9,3,0,2,51.81
35.0,18.2,59.8,40.5,0,0,0,54.78
36.0,20.4,62.1,21.7,3,0,1,45.49
35.0,16.0,71.7,18.2,0,0,1,55.14
81.99,17.1,50.0,53.0,13,1,2,79.01
38.19,28.5,49.8,36.8,20,0,2,91.68
81.9,31.0,60.7,80.0,15,0,0,84.95
41.8,34.7,61.9,81.1,19,1,2,107.35
40.92,31.1,63.3,22.4,23,0,1,66.74
47.45,21.0,70.3,35.3,7,0,1,59.44
42.12,31.1,56.2,35.6,6,0,0,62.48
35.0,16.9,58.3,33.1,2,0,0,39.34
70.15,33.4,51.7,53.9,16,1,1,83.36
35.0,16.0,51.3,30.7,0,0,1,52.48
79.6,26.0,69.6,58.8,15,1,0,64.62
69.94,29.7,49.7,73.5,11,0,1,100.07
53.19,35.9,47.0,65.3,18,0,2,114.08
37.44,30.4,64.2,5.0,21,0,2,87.89
35.0,24.3,47.6,40.0,22,0,2,68.08
35.0,31.3,45.5,30.2,21,0,1,90.86
76.41,29.6,58.4,43.9,13,1,1,71.13
41.31,21.3,67.1,48.6,5,1,1,46.77
47.52,18.7,64.5,40.2,5,0,1,47.93
64.23,27.4,57.8,69.3,12,1,0,79.62
47.15,28.7,67.2,49.3,18,1,1,85.76
35.0,27.5,63.1,16.2,21,0,1,80.72
36.97,26.0,63.2,18.4,7,0,1,56.77
35.0,18.0,71.8,35.3,1,0,1,44.24
35.0,31.4,52.5,30.7,20,0,1,86.12
36.99,16.0,84.6,58.5,0,0,0,55.38
66.11,28.9,38.4,55.3,14,0,1,77.8
35.0,17.7,77.5,39.4,0,1,1,50.64
35.0,26.9,65.7,5.0,4,0,1,47.77
76.85,33.0,55.6,82.2,15,0,0,89.35
53.63,29.1,57.4,72.8,18,1,1,97.69
43.52,16.5,65.6,57.3,3,1,1,45.62
35.0,16.0,76.0,27.3,2,0,1,43.22
62.17,30.1,55.6,37.0,16,1,1,70.78
49.04,27.7,52.0,74.4,16,0,1,80.75
69.16,29.0,64.0,80.2,11,0,2,106.34
75.51,18.3,78.0,62.9,13,0,1,75.1
40.6,34.1,37.3,21.8,20,0,1,97.04
58.12,22.0,81.2,9.7,5,0,1,48.19
35.0,23.4,53.0,17.6,2,0,1,45.43
64.34,27.5,50.3,85.9,8,0,1,87.92
35.0,17.3,56.2,33.2,4,0,1,47.03
35.0,34.4,52.4,8.3,23,0,2,78.27
63.32,30.3,45.6,51.5,16,1,1,75.95
72.62,21.1,53.8,75.7,13,0,0,67.18
35.0,32.6,48.4,27.7,20,0,1,86.94
35.0,16.0,68.3,17.0,2,0,2,50.65
35.0,17.1,68.2,30.7,0,0,0,46.7
35.0,38.5,59.1,24.6,19,0,2,110.71
36.6,32.9,63.4,29.1,20,1,1,86.68
35.0,27.7,66.1,18.1,22,0,2,69.66
35.0,20.9,61.2,17.8,0,0,2,57.41
43.82,19.8,49.4,33.1,2,0,1,51.44
57.09,26.9,43.6,83.4,17,0,0,85.85
48.18,18.6,73.2,54.9,9,0,0,69.74
35.0,28.0,64.3,30.3,21,0,0,76.98
35.0,21.7,57.7,24.1,2,0,1,43.05
45.93,21.7,51.1,26.5,7,0,1,57.1
76.62,29.2,48.3,67.6,13,0,1,85.98
35.0,26.0,60.6,24.3,23,0,1,61.56
58.01,34.8,53.5,73.8,17,1,2,108.36
66.04,21.6,71.1,61.3,14,1,0,61.43
35.0,29.3,52.9,39.5,21,1,0,77.01
35.0,33.4,51.3,19.2,22,0,0,61.4
35.0,16.0,76.2,37.6,1,0,2,53.04
67.02,27.5,41.0,59.6,9,0,1,92.73
35.0,16.0,69.7,15.4,1,0,1,40.59
72.66,26.0,56.5,58.9,16,0,0,70.27
65.18,28.1,63.2,27.4,7,0,1,72.65
35.83,17.7,70.0,39.2,0,0,0,46.48
58.86,26.1,53.6,36.1,8,1,2,67.03
63.45,30.1,51.8,62.2,10,0,2,101.81
38.85,21.5,44.4,44.6,21,0,1,80.51
63.54,32.9,59.7,80.4,15,0,2,100.93
50.05,18.9,66.8,43.3,6,1,0,46.86
73.65,22.5,73.2,72.7,9,0,1,93.76
44.52,33.5,50.0,33.0,22,0,2,81.37
35.0,16.9,73.8,28.1,2,0,1,46.99
58.11,33.8,44.4,69.2,17,0,2,115.54
35.0,31.2,33.4,21.2,23,0,1,65.58
84.35,28.7,56.3,47.8,12,1,1,94.58
53.27,20.0,59.5,11.3,6,0,0,53.93
35.0,16.0,58.8,21.4,3,0,1,38.86
71.4,25.0,67.2,88.9,12,0,1,97.83
40.27,31.5,64.4,12.6,19,0,2,94.83
35.0,24.4,61.3,35.0,0,0,1,59.11
44.8,28.8,55.5,15.4,7,0,2,67.95
83.89,26.3,59.5,53.6,13,0,2,84.3
75.96,30.6,50.3,81.6,15,0,0,81.91
72.81,27.7,62.3,94.5,13,0,1,88.37
70.91,27.6,45.6,64.7,11,0,0,86.13
49.81,32.8,45.2,56.2,18,0,1,100.77
35.0,33.8,46.6,45.5,22,1,2,80.28
69.25,18.1,69.9,63.9,14,0,0,70.96
35.0,19.1,62.3,31.4,1,0,1,47.81
35.0,16.1,78.0,53.8,1,1,1,46.99
35.0,28.9,63.3,29.0,22,0,1,63.75
38.52,35.1,45.5,49.7,21,1,1,92.76
52.59,37.6,55.0,84.8,18,0,1,116.59
35.0,34.7,49.0,51.9,21,1,0,86.01
35.53,29.9,59.9,25.5,21,0,0,74.92
56.16,26.6,65.5,84.3,16,0,0,73.16
41.05,19.9,73.0,27.0,19,0,1,80.55
76.03,25.8,61.0,44.7,9,1,0,76.14
50.99,23.3,74.2,76.6,5,1,2,64.86
73.96,29.2,60.1,77.9,14,0,1,90.29
35.0,35.7,52.5,7.0,21,0,1,88.96
68.63,20.8,60.9,57.6,10,1,1,76.42
38.27,19.3,59.5,21.3,4,0,1,43.41
36.64,16.1,70.5,36.8,0,1,2,59.33
42.21,22.5,62.8,51.4,7,1,0,45.99
35.0,36.7,52.7,38.6,20,0,1,103.85
83.18,26.6,62.5,73.7,11,0,2,111.8
85.03,25.9,61.3,58.3,11,0,0,88.17
36.94,16.3,83.1,26.2,4,0,0,35.39
62.31,27.2,54.0,33.5,6,1,1,65.61
35.0,16.0,70.7,27.5,3,0,0,35.09
35.0,18.7,63.2,38.5,5,1,1,44.34
81.32,34.8,32.5,89.6,12,0,0,108.93
53.89,33.8,51.4,63.3,19,1,2,109.56
81.87,29.6,48.8,68.5,14,0,2,97.93
35.0,18.4,64.7,8.4,2,0,1,42.19
35.0,27.9,57.4,24.4,22,0,1,65.93
63.19,22.7,64.9,39.5,7,1,2,68.09
45.94,30.5,51.3,21.9,19,0,0,80.09
79.25,31.1,51.9,69.3,15,1,2,86.48
71.76,22.0,68.0,58.4,12,0,2,89.67
55.91,33.0,47.1,65.8,17,0,1,107.56
69.57,29.1,42.0,75.6,9,0,1,99.75
56.66,30.9,56.5,68.3,18,0,0,93.42
60.94,33.5,61.8,70.7,16,0,1,86.69
35.0,32.6,59.4,39.3,23,1,2,76.53
62.84,29.3,58.0,68.2,18,1,0,85.94
35.0,27.5,68.0,38.8,22,1,2,69.4
36.18,16.3,75.6,16.4,4,1,0,35.33
45.24,33.2,50.8,17.8,20,0,0,82.74
43.77,31.5,56.8,30.9,22,0,0,66.12
67.59,29.1,59.0,84.2,8,0,0,80.07
67.86,30.2,55.1,69.8,11,1,1,91.95
39.09,35.2,60.9,38.2,20,0,0,88.76
35.0,18.1,64.3,26.4,0,0,2,62.01
35.0,16.0,63.2,28.2,0,0,1,52.35
63.02,31.0,34.5,62.8,14,0,0,78.98
35.0,17.9,59.3,13.9,1,1,1,35.44
37.6,27.4,47.6,23.0,21,1,2,79.62
56.72,35.2,51.5,66.6,15,0,1,90.08
50.93,27.4,48.1,23.7,7,1,0,52.71
77.19,23.4,66.1,71.5,12,0,2,98.07
46.22,29.4,65.3,19.5,20,0,2,88.97
35.0,16.0,67.0,36.3,0,0,0,49.79
70.68,32.8,45.9,63.4,15,0,0,78.92
58.04,23.9,63.2,26.7,6,0,1,59.8
50.28,20.2,79.0,35.0,4,1,0,38.95
44.21,33.0,66.2,12.9,21,0,2,96.88
35.0,26.6,47.5,31.3,22,1,1,54.16
35.0,19.9,52.6,5.0,2,0,2,51.23
81.45,26.7,45.1,84.0,11,0,1,100.31
81.28,27.6,48.8,91.8,15,0,0,87.17
55.13,25.6,61.5,71.8,18,0,0,88.06
35.0,20.1,59.5,25.3,4,0,1,42.25
35.0,33.4,46.6,36.4,21,1,2,94.17
68.56,22.1,70.7,65.2,13,0,2,77.75
39.96,20.1,68.2,33.5,4,0,1,49.44
67.81,30.1,42.2,78.8,14,0,0,83.06
38.14,28.7,64.9,40.1,16,0,0,58.84
64.72,30.4,59.7,62.6,13,0,1,78.53
39.98,31.4,59.1,5.0,19,0,0,78.32
35.0,21.1,58.5,43.7,4,0,1,46.45
64.44,29.2,55.1,72.9,11,0,1,96.46
84.09,32.5,38.2,77.9,15,0,2,104.41
67.61,34.4,59.4,70.8,15,0,1,96.18
35.0,33.4,45.3,38.2,20,0,0,88.6
55.34,20.0,57.0,35.3,6,0,1,63.95
41.49,16.5,59.7,37.4,3,1,1,42.79
42.92,16.0,81.6,45.6,0,0,1,58.11
51.14,20.6,58.2,27.2,4,0,2,58.2
35.0,37.0,57.9,7.5,22,0,2,83.36
55.42,23.6,60.9,41.2,9,1,0,64.2
35.0,33.7,46.4,31.2,21,0,0,84.96
35.0,17.0,58.3,23.4,4,0,1,46.92
36.37,19.9,59.0,35.1,3,1,2,47.64
35.0,22.7,61.3,46.2,1,0,0,40.98
35.0,34.7,57.1,10.8,19,0,1,90.37
54.46,18.8,61.2,41.8,9,0,1,80.71
52.07,34.0,48.7,94.4,18,0,0,106.15
35.0,19.5,57.3,25.3,0,1,1,49.11
35.0,32.1,44.8,36.6,23,1,2,76.89
41.36,22.7,51.6,20.5,4,0,0,36.89
84.97,24.7,68.2,89.8,12,0,1,97.57
35.0,19.4,60.3,42.2,3,0,1,50.84
60.14,34.8,48.6,59.5,15,0,2,97.13
41.17,35.5,46.3,56.3,23,1,2,83.91
66.27,32.5,51.4,91.1,15,0,1,92.88
35.0,28.2,60.4,25.2,22,0,2,66.42
35.0,16.0,63.3,51.2,1,1,1,44.84
53.9,31.4,56.3,87.4,16,0,1,83.54
35.59,32.7,65.2,22.0,19,0,1,91.29
35.0,31.0,48.7,23.1,23,0,0,57.86
50.07,23.8,57.4,67.1,11,1,1,73.79
55.22,33.1,58.6,55.5,17,0,1,106.46
37.17,18.8,77.0,20.8,2,0,0,42.36
35.0,18.2,55.5,10.6,0,0,2,59.92
45.48,19.4,50.8,42.1,0,0,0,53.19
61.09,30.6,55.5,55.6,18,1,0,85.1
71.5,24.1,59.9,63.3,10,1,1,83.74
35.0,24.4,66.1,22.4,4,0,1,46.29
61.37,24.0,65.2,71.6,11,0,0,80.24
35.0,16.5,66.6,27.5,2,0,1,47.3
35.0,22.0,70.8,16.2,0,0,2,63.86
35.0,16.0,61.8,22.6,0,0,1,50.83
65.03,22.6,63.6,37.5,7,1,1,61.0
79.65,23.4,51.6,69.9,9,0,2,95.52
75.43,18.9,64.5,79.7,10,0,0,84.13
78.36,26.6,47.1,69.6,11,0,1,98.75
72.48,24.0,51.9,79.3,12,1,1,86.58
74.11,28.1,71.2,67.5,11,1,1,87.91
77.44,33.3,38.8,43.8,13,1,1,84.72
35.0,16.0,65.5,31.6,1,0,0,37.1
55.29,30.1,62.5,66.7,18,0,1,102.87
48.02,33.2,71.2,61.6,17,1,0,90.81
35.0,16.0,68.6,16.2,2,0,2,47.99
35.0,37.1,52.2,5.0,22,0,1,75.8
57.15,32.4,54.4,59.7,16,1,1,78.79
54.17,27.3,66.6,22.8,7,1,2,67.62
75.91,22.8,65.2,80.0,9,0,1,92.71
35.0,16.0,62.6,27.1,1,0,0,34.7
39.73,31.1,64.1,67.8,18,0,2,104.53
51.28,32.6,50.3,96.9,8,0,0,82.0
46.67,27.2,45.5,10.1,6,0,0,55.12
39.0,19.7,51.5,32.5,3,1,2,44.73
48.72,33.0,52.0,46.6,20,1,1,97.27
43.74,33.9,53.7,84.5,17,1,1,105.9
77.98,37.6,57.6,91.2,12,0,0,112.28
68.44,27.6,63.0,42.9,10,1,1,87.46
35.0,31.6,55.4,30.1,23,1,1,60.74
35.0,17.8,73.9,15.5,3,0,2,52.73
35.74,32.9,53.8,53.4,20,1,0,81.51
35.0,16.8,56.3,27.5,3,1,2,49.13
65.55,27.0,46.3,67.7,9,0,1,89.92
46.69,16.0,77.4,37.1,4,0,2,60.87
67.55,23.0,43.7,98.4,8,0,1,83.63
41.16,34.3,50.9,6.5,23,0,1,67.19
35.0,19.8,88.0,12.5,2,0,1,46.14
63.9,29.1,60.4,62.6,16,1,0,69.62
35.0,17.4,64.4,6.0,2,0,0,30.0
61.47,34.5,38.9,77.9,15,0,2,99.23
35.0,16.0,80.1,31.5,3,0,2,56.02
62.84,26.6,68.5,83.4,17,0,1,102.14
48.14,27.2,63.7,81.1,16,0,0,69.35
58.97,21.9,62.5,18.6,6,0,1,62.6
35.0,26.0,63.8,22.8,23,0,1,55.37
35.0,35.5,50.4,10.8,22,0,1,72.28
35.0,16.3,59.2,30.6,4,0,2,51.11
74.06,28.0,65.3,94.2,11,0,2,111.41
55.12,28.6,56.7,65.5,16,1,0,66.76
35.0,31.5,59.0,16.7,22,0,1,68.06
80.03,21.6,61.8,71.9,12,1,1,87.89
35.0,35.7,55.1,53.4,22,0,1,84.34
35.0,16.0,67.1,27.9,2,0,0,40.36
62.21,19.7,63.5,81.7,8,0,0,72.12
71.62,40.4,47.9,83.1,16,0,2,118.29
67.72,33.1,77.2,55.7,16,0,1,89.18
35.0,35.8,57.8,20.1,19,0,1,96.96
65.34,32.2,74.9,68.8,15,0,2,96.08
36.1,30.1,55.8,35.0,21,0,2,94.85
68.6,22.8,59.3,83.6,12,0,0,87.15
42.98,30.5,47.0,73.6,18,0,1,101.23
56.52,27.0,71.2,68.1,16,0,1,76.6
35.0,16.0,60.0,5.0,3,0,2,47.11
66.32,20.7,77.9,59.8,11,1,1,79.93
67.78,24.5,52.3,28.5,8,1,1,58.92
43.11,38.0,56.7,62.1,18,0,1,113.46
65.86,29.3,43.8,71.1,11,1,2,102.88
59.31,23.6,57.6,84.9,8,0,0,70.3
61.83,21.8,62.8,19.1,6,0,0,51.13
78.35,16.7,61.9,56.2,13,0,1,73.46
48.24,30.2,54.5,50.1,19,1,0,81.07
52.29,26.0,57.9,86.9,18,0,0,87.93
64.07,30.2,62.3,80.6,14,0,2,98.76
62.56,29.3,39.9,69.3,15,0,2,90.58
35.0,28.5,52.7,60.7,20,1,1,85.32
46.23,20.4,73.7,15.1,4,1,1,38.53
35.0,18.8,69.5,14.2,2,1,1,38.28
60.81,33.1,63.7,98.7,11,0,1,115.39
55.15,34.7,58.3,31.1,19,0,0,93.8
35.0,32.9,45.0,25.0,20,0,2,97.38
37.55,16.0,72.5,20.2,3,0,0,36.49
45.92,27.7,58.6,5.0,20,0,1,79.24
35.0,34.1,70.8,36.9,22,0,0,67.84
71.31,29.5,62.8,46.4,15,1,2,80.05
47.98,22.9,65.8,48.5,6,1,1,55.34
55.62,31.9,59.8,61.6,12,1,2,99.42
35.0,25.9,63.0,59.4,20,1,2,87.27
64.04,30.6,59.0,59.4,9,0,1,97.03
56.77,25.8,57.2,9.5,6,0,0,57.02
72.74,20.7,67.8,64.7,13,1,1,69.59
38.68,29.4,64.1,26.0,4,0,1,57.41
35.0,19.6,72.8,25.6,2,0,1,46.55
37.05,29.8,63.7,28.4,22,0,0,59.1
75.82,28.1,69.5,51.8,10,0,0,88.14
72.95,22.2,71.3,87.2,10,0,1,92.42
47.33,33.6,58.2,55.7,17,1,1,97.83
72.61,26.5,49.7,74.0,14,1,2,81.71
96.4,35.1,42.7,50.9,11,0,0,104.58
68.86,24.2,58.6,46.8,8,1,1,67.15
61.76,27.6,58.3,81.7,9,0,0,85.73
88.97,23.9,72.1,57.2,11,0,0,89.56
56.23,34.2,30.4,67.3,16,0,1,92.63
49.24,20.9,55.0,12.3,5,0,0,37.92
49.63,16.3,65.4,35.4,6,0,0,58.13
75.61,27.9,49.7,63.7,13,1,1,74.02
76.75,35.7,45.0,94.2,12,0,1,120.84
54.49,26.4,54.9,27.4,7,0,0,57.73
64.56,23.5,53.6,83.8,9,0,0,79.29
51.97,16.5,60.6,54.1,8,1,0,50.91
47.47,28.1,68.5,66.7,17,1,0,80.78
35.0,16.0,72.1,35.4,1,1,1,42.73
35.0,16.0,73.3,18.2,4,0,1,41.8
35.0,23.1,61.2,24.0,4,0,1,43.61
66.15,21.2,71.1,34.6,5,0,1,57.3
69.91,38.9,55.7,65.8,18,0,1,122.01
61.12,19.0,69.6,32.8,7,0,2,71.33
73.45,30.3,50.5,63.9,15,1,2,86.74
68.5,22.4,58.5,60.0,12,0,1,89.59
35.0,16.0,75.7,32.2,0,0,1,55.32
35.0,31.0,51.0,26.7,21,0,1,84.58
43.53,30.4,45.3,18.4,19,0,1,86.2
68.2,31.1,50.8,76.5,16,0,0,82.52
35.36,25.8,71.8,18.9,6,0,0,48.65
92.18,31.5,50.5,78.0,12,0,1,110.49
35.0,16.1,69.8,38.0,3,1,2,45.72
35.0,19.0,59.9,21.6,3,1,1,37.4
44.79,24.1,66.8,23.3,5,0,1,47.85
42.78,35.9,55.6,69.7,18,0,1,105.51
66.37,24.4,48.5,67.6,11,1,1,82.57
35.0,34.8,54.3,35.6,21,0,0,85.96
47.95,23.3,47.9,18.9,6,0,0,49.22
84.5,20.8,58.9,30.5,9,1,2,91.38
50.74,34.9,52.0,54.8,18,0,1,105.89
55.55,22.5,76.7,15.2,6,0,1,54.56
35.86,16.0,69.7,21.1,2,0,2,52.23
73.84,26.8,52.4,58.9,12,0,0,89.48
65.71,28.2,54.9,85.7,12,0,2,103.6
43.68,29.0,64.2,63.1,17,1,1,85.82
40.43,36.8,44.5,23.6,19,0,1,99.58
65.62,28.0,66.4,24.8,7,0,1,70.65
69.98,22.5,57.8,43.7,8,1,0,58.63
52.05,20.0,56.7,32.6,6,0,0,53.34
35.0,16.5,62.8,34.7,0,0,1,58.7
35.0,17.5,53.0,36.3,2,1,2,52.3
71.15,25.6,42.1,73.3,12,0,2,99.23
56.59,16.1,66.5,62.1,16,1,0,57.5
35.0,38.4,48.7,37.8,23,1,1,76.25
39.38,17.1,68.4,35.5,0,0,0,45.08
44.9,20.2,63.1,39.7,5,0,0,44.4
35.0,33.3,72.0,64.1,20,1,1,95.35
58.1,20.6,64.9,14.1,5,0,1,45.16
90.24,25.3,48.7,66.1,11,1,0,82.89
96.96,24.0,51.9,79.6,12,0,0,91.04
73.01,20.6,63.5,63.1,12,0,2,98.81
72.49,24.2,57.1,79.6,14,0,0,66.82
42.71,27.5,48.1,53.5,20,1,1,83.7
80.98,33.0,53.2,69.0,15,1,1,82.22
35.0,34.8,51.8,31.0,21,0,0,88.76
35.0,28.5,70.0,27.7,20,0,0,75.95
65.62,16.0,59.9,60.5,10,1,1,79.21
46.92,20.0,60.6,5.0,4,0,2,54.75
37.29,17.4,78.8,10.4,3,0,1,35.42
35.0,16.6,69.4,23.4,2,0,1,44.11
48.09,35.6,44.2,93.2,18,0,2,124.72
42.15,32.5,48.3,66.8,19,1,2,102.93
66.38,27.5,48.3,96.8,17,0,1,109.39
65.34,24.8,60.8,76.0,14,0,1,75.19
52.79,22.9,69.9,74.6,8,0,1,70.34
77.03,27.3,71.2,77.1,16,1,1,81.6
74.35,28.6,45.2,73.1,13,0,1,87.37
71.02,33.8,59.9,63.2,14,0,1,97.27
35.0,16.0,68.5,28.8,0,0,0,48.09
35.0,32.4,52.0,73.5,20,1,1,94.7
38.33,35.6,48.2,15.1,21,0,1,93.03
35.0,31.6,39.4,32.1,21,0,0,81.7
37.35,21.2,68.1,23.9,2,0,0,40.16
55.41,29.2,46.1,80.4,15,0,1,82.17
35.0,32.4,48.1,28.8,22,0,1,68.45
69.8,27.8,61.1,55.0,10,1,1,86.51
68.51,24.8,45.6,73.7,11,0,1,91.44
73.85,33.0,43.0,35.8,9,1,1,91.88
66.49,32.7,63.6,76.4,15,0,0,82.2
60.2,28.2,58.4,29.8,7,1,1,62.13
53.66,25.2,54.5,17.7,5,0,2,57.14
80.48,28.4,58.3,70.0,11,0,2,111.33
35.0,36.9,55.8,44.7,23,1,1,76.24
35.0,32.8,62.8,43.0,20,1,1,94.37
60.14,20.0,55.1,23.7,7,0,0,52.35
38.67,19.2,56.4,16.5,3,0,1,44.95
53.34,18.9,69.7,35.1,7,1,0,49.27
58.05,23.0,66.7,67.1,17,0,2,99.8
39.03,16.6,56.0,42.3,4,1,0,34.51
65.15,24.3,52.7,38.1,8,1,0,52.53
35.0,23.4,59.7,33.5,3,0,2,54.9
35.0,28.5,57.4,29.8,21,0,2,89.92
44.43,35.0,52.4,56.6,16,0,2,87.08
63.34,19.2,53.8,63.5,8,0,0,67.25
35.0,16.0,67.5,22.9,0,0,0,48.76
54.59,37.8,44.0,59.5,20,1,1,105.76
48.76,32.1,45.0,14.5,19,0,0,83.99
65.55,27.3,58.1,75.6,12,1,0,84.77
76.76,31.3,54.1,85.4,15,0,1,96.79
84.1,23.2,67.9,55.3,12,0,2,98.65
83.9,27.5,51.1,79.1,13,0,1,86.0
35.0,18.4,67.2,24.5,2,0,1,48.04
49.26,25.9,46.8,39.9,5,0,1,55.65
66.36,24.7,58.0,56.2,17,0,1,91.67
62.57,38.8,52.7,84.7,18,1,1,117.17
35.0,19.5,68.8,14.9,4,0,0,37.66
69.91,25.2,64.3,79.5,14,0,0,71.56
35.0,16.0,73.6,17.7,1,0,1,45.36
82.59,26.1,55.5,70.5,9,0,0,89.61
35.0,26.0,63.2,5.0,23,0,2,62.73
63.6,29.2,71.6,89.4,17,0,0,96.64
78.81,27.0,54.7,71.8,12,0,1,101.01
40.5,24.6,71.4,22.6,4,0,1,44.96
35.0,35.8,58.4,52.7,22,0,0,75.5
35.0,28.8,54.8,51.5,23,1,0,51.79
35.0,16.2,65.6,17.0,0,0,1,52.8
35.0,25.6,60.5,17.7,21,0,2,83.65
35.0,16.0,73.8,28.1,0,0,2,60.98
54.83,26.5,62.0,84.2,17,0,1,97.66
66.81,34.1,48.9,81.0,14,1,2,96.79
62.9,34.0,36.1,55.7,16,0,1,89.12
68.11,27.6,63.3,83.7,10,0,1,99.09
35.0,26.2,43.6,35.7,20,0,1,84.08
35.0,29.1,45.8,15.5,21,0,1,84.46
62.55,27.5,54.8,70.7,16,0,2,86.53
82.11,27.3,48.4,55.4,12,0,1,93.01
35.0,16.2,69.6,34.0,0,1,2,56.76
35.0,16.0,64.8,27.8,1,0,1,39.54
69.38,25.4,66.0,94.1,8,0,0,74.58
35.0,19.3,51.7,45.2,2,0,0,44.96
35.0,16.0,61.9,12.6,0,0,1,53.76
46.17,33.2,53.5,42.5,20,0,1,98.5
61.86,34.8,52.5,36.6,15,1,2,84.31
35.0,37.4,55.6,33.0,22,1,0,67.25
57.85,22.9,54.4,21.4,5,0,2,63.39
76.35,32.8,50.0,63.0,16,1,2,96.28
36.89,19.0,68.8,41.3,4,1,0,34.77
42.32,24.1,43.1,44.4,4,1,2,48.97
49.05,16.7,69.8,22.8,5,0,2,61.25
42.41,22.0,68.5,51.5,2,1,1,44.73
40.26,30.8,44.7,33.3,20,0,2,99.06
35.0,37.7,47.3,36.5,22,1,2,79.28
35.0,22.4,74.1,35.1,4,0,1,45.92
62.57,31.7,59.9,49.8,20,0,1,98.24
35.0,19.1,68.3,31.9,4,1,2,44.62
68.08,27.1,66.2,95.1,9,0,1,98.2
86.19,27.0,72.9,33.0,9,1,1,87.12
43.6,30.1,56.0,76.9,18,1,1,93.3
40.68,31.3,51.7,68.4,16,0,2,93.18
35.0,35.6,59.4,34.2,20,0,0,92.71
67.79,23.4,59.8,77.2,13,0,2,86.2
48.4,26.9,51.1,53.6,8,0,1,71.29
82.45,31.0,50.9,98.0,13,0,0,90.5
35.0,21.8,65.0,29.3,0,1,1,52.41
35.0,28.9,53.3,59.8,18,0,0,77.45
62.24,28.0,54.6,67.3,12,0,1,92.67
84.92,28.8,48.7,90.4,12,1,2,105.63
35.0,22.1,73.8,10.0,3,0,2,43.98
36.47,18.8,62.2,27.1,0,0,0,45.99
71.45,26.0,53.5,46.5,16,1,0,57.35
47.27,24.1,55.9,13.6,7,0,2,66.37
35.0,25.7,65.9,20.8,1,1,2,48.31
60.97,25.4,64.3,43.8,7,1,1,57.92
35.0,28.5,53.2,38.1,6,1,1,60.23
35.0,21.8,62.8,11.4,1,0,1,38.98
51.82,37.4,52.3,35.5,21,0,2,113.59
35.0,33.2,47.8,36.7,21,0,1,94.58
35.0,20.4,51.3,44.9,2,1,1,41.0
54.95,32.4,58.2,74.0,17,1,1,100.96
75.62,27.1,53.1,70.8,11,0,2,105.81
35.0,20.0,67.5,28.9,0,0,0,47.44
40.04,29.8,58.7,20.9,21,0,1,83.83
81.66,34.6,52.8,56.9,11,0,1,109.61
38.44,16.3,63.6,42.6,4,1,0,35.56
55.26,34.2,47.6,76.9,16,0,0,83.6
63.13,35.9,42.2,59.6,15,1,2,92.75
59.04,29.0,51.9,64.5,14,1,2,77.83
35.0,27.3,62.7,41.9,22,0,2,71.2
57.52,34.3,63.8,72.5,14,0,2,98.53
39.25,20.8,73.4,13.5,4,0,1,43.71
39.87,35.3,53.0,22.0,20,0,2,102.78
82.19,28.4,68.4,58.4,13,1,1,76.76
35.0,24.6,57.9,51.8,1,1,1,44.1
62.43,17.6,55.6,61.3,10,1,2,86.13
62.2,33.2,68.8,61.2,18,0,0,102.44
39.05,27.3,62.4,34.7,6,0,1,61.41
59.94,21.4,50.6,47.7,5,1,1,51.21
35.0,18.9,77.4,26.3,1,0,0,34.14
36.19,19.2,58.7,36.4,5,0,0,41.77
63.21,31.5,50.6,88.4,17,0,2,116.52
35.0,16.0,75.4,20.5,1,0,2,48.94
69.6,28.5,68.1,64.2,17,0,1,102.17
56.52,26.5,50.8,74.9,14,0,0,62.79
54.27,34.4,64.2,66.4,18,1,0,91.38
35.0,16.0,74.2,23.7,1,0,2,52.62
35.0,29.8,49.8,13.1,19,0,1,84.8
58.58,19.4,62.5,27.0,5,0,1,53.13
35.0,16.0,79.3,15.6,0,1,1,46.78
35.0,32.5,41.5,21.1,23,0,1,74.91
75.28,31.2,66.1,85.2,14,0,1,93.96
35.0,35.0,58.7,35.9,22,0,2,81.63
57.69,27.7,61.9,5.0,9,1,1,75.05
47.34,33.9,53.9,72.7,18,0,1,104.98
65.03,29.6,72.1,67.2,16,1,1,75.12
47.7,18.4,82.2,25.9,4,1,1,39.05
35.0,16.0,62.3,20.5,3,0,1,42.49
58.77,21.5,67.7,54.5,9,1,0,66.55
35.0,32.2,69.3,19.2,23,0,1,69.32
61.41,28.1,51.3,79.2,16,1,1,75.32
52.31,30.9,57.2,66.1,9,0,2,100.28
55.15,30.8,63.4,76.9,16,1,1,77.97
42.08,37.9,33.5,25.4,19,0,2,111.78
35.0,33.7,59.7,14.5,23,0,0,66.16
38.22,16.9,57.8,42.0,4,0,2,52.22
35.0,17.4,67.6,10.5,1,0,1,39.37
42.48,16.0,76.4,15.4,5,0,2,48.92
45.08,32.8,34.7,30.9,20,0,1,95.47
35.0,16.0,73.5,26.0,1,0,1,41.19
72.74,23.5,77.5,78.3,12,0,2,102.69
58.35,32.2,50.0,55.6,10,1,0,87.43
71.39,30.2,60.5,60.6,10,0,0,93.94
55.64,34.4,63.2,67.2,15,0,1,86.82
72.72,29.2,43.9,90.8,10,0,1,103.03
63.01,26.8,64.6,59.0,18,0,1,94.25
63.81,28.1,65.7,79.7,14,1,1,79.25
35.0,30.4,60.8,28.8,22,0,1,62.55
35.0,24.9,60.8,17.8,22,0,2,62.99
70.23,28.1,49.5,36.0,15,1,1,66.56
63.5,23.9,72.0,37.6,10,1,2,81.26
35.0,32.4,54.3,20.7,21,0,2,98.08
62.32,40.5,40.4,54.3,15,1,1,89.01
52.74,22.9,59.2,41.4,7,1,0,49.24
35.0,19.6,67.2,45.6,3,0,0,41.22
60.88,22.0,49.9,31.5,7,0,1,63.59
35.0,22.1,62.5,23.5,3,0,2,51.4
35.0,27.1,55.0,39.6,23,0,1,64.68
53.52,25.9,69.9,26.8,2,0,1,52.79
40.7,17.8,50.7,44.2,2,0,1,51.35
51.34,29.8,63.7,66.9,17,0,1,99.91
51.06,35.6,62.9,61.2,18,0,1,108.9
49.73,28.2,42.8,51.0,18,0,0,85.95
41.18,34.9,38.4,23.7,20,0,2,103.86
35.0,25.6,73.8,10.2,4,0,1,43.93
54.32,30.4,48.4,60.0,17,0,0,88.89
61.83,33.3,78.2,87.4,9,0,2,118.83
41.09,34.5,37.9,19.3,21,1,0,84.73
39.99,34.6,53.7,26.2,20,0,2,102.0
46.08,26.4,58.7,24.0,5,0,2,60.57
35.0,23.6,59.5,41.1,0,1,1,50.67
47.37,21.0,66.9,41.6,4,0,2,57.56
70.86,27.2,62.4,65.1,8,0,1,79.95
83.77,32.6,52.5,76.6,11,1,2,119.57
86.65,24.2,52.5,38.9,13,1,1,71.44
35.0,16.0,75.6,32.8,1,0,1,49.83
60.11,30.7,60.5,92.7,16,0,2,97.78
79.82,21.9,63.4,11.4,13,1,2,64.15
67.92,26.7,63.4,74.6,12,0,2,105.31
59.59,25.3,65.9,73.6,8,0,1,67.73
73.21,28.6,51.1,60.9,14,1,2,84.53
35.0,31.4,59.4,45.5,21,0,1,95.02
72.18,25.7,55.1,65.8,14,0,2,85.49
35.0,34.5,58.8,10.8,23,0,1,74.5
71.35,21.8,61.0,60.9,10,1,1,78.75
68.75,21.9,67.3,88.5,15,0,1,82.59
75.42,30.1,52.5,81.7,16,0,1,89.68
35.0,22.8,67.1,25.4,3,0,2,55.72
35.0,17.4,58.3,22.2,0,0,1,56.45
62.17,18.3,65.7,5.0,7,0,1,62.04
37.1,31.3,62.8,67.0,16,1,1,74.02
35.0,20.1,67.7,33.5,2,0,2,55.59
39.42,32.3,55.7,16.7,19,0,1,92.34
73.74,28.6,71.5,54.4,14,1,0,67.51
81.62,31.6,62.9,62.4,14,0,0,84.41
38.26,24.4,67.3,50.4,23,1,0,48.35
35.0,28.4,62.6,20.6,21,0,1,79.66
61.73,23.6,67.3,73.2,13,0,0,66.94
35.0,37.1,63.6,32.6,22,0,0,72.77
70.91,31.7,51.3,63.9,13,1,2,92.37
35.0,32.1,62.4,31.8,23,0,2,77.64
35.0,16.0,70.1,27.1,1,0,1,43.06
69.49,31.0,52.2,77.4,12,0,2,114.53
64.13,34.4,51.7,77.3,13,0,0,86.14
35.0,33.7,54.8,30.4,23,0,1,71.14
42.76,31.6,47.9,66.0,18,1,1,96.98
62.97,24.5,67.3,10.3,6,0,1,62.8
35.0,19.4,63.6,32.8,2,1,1,44.85
72.13,33.4,54.0,72.6,14,0,1,92.1
36.1,35.3,62.6,30.4,22,0,1,75.24
75.71,28.0,58.6,94.2,13,0,1,86.39
62.96,23.4,73.7,65.2,10,0,0,77.82
79.53,28.1,53.4,70.5,14,1,0,70.72
77.83,30.1,47.1,53.2,12,1,0,87.81
38.99,30.0,53.7,91.4,17,0,1,98.85
53.5,17.9,43.1,47.9,5,0,1,53.44
35.34,18.3,72.6,5.0,2,0,0,36.94
52.71,36.2,42.8,56.1,18,1,2,102.71
84.73,30.2,50.9,46.8,14,0,1,86.57
35.15,30.6,61.2,5.0,22,0,0,51.34
46.52,21.3,63.9,20.5,4,1,1,38.95
75.97,25.4,56.2,82.5,9,0,0,92.98
56.06,16.0,50.9,30.2,6,0,1,62.15
48.17,33.7,63.4,84.6,16,0,1,95.7
36.63,23.6,66.9,47.3,6,1,0,47.96
39.13,32.0,70.8,30.8,21,0,0,81.84
84.0,31.3,50.2,76.3,11,0,1,110.05
56.86,35.8,39.7,73.4,16,0,0,88.24
66.09,31.2,63.0,87.2,12,0,0,99.27
45.63,28.5,55.7,25.1,19,0,1,85.34
35.0,16.0,72.2,31.3,3,0,1,41.66
66.33,29.5,69.3,47.0,9,0,1,92.86
35.0,16.0,70.3,10.9,2,0,1,45.57
60.7,23.4,62.6,86.8,8,0,1,73.81
90.08,29.8,58.0,67.0,12,0,0,97.1
51.4,24.4,47.4,43.3,17,1,0,73.12
72.08,30.6,64.4,82.7,14,0,2,99.24
35.0,22.9,71.0,40.0,3,1,1,38.53
79.17,23.7,65.3,55.1,14,1,2,75.61
35.0,38.6,37.0,43.1,21,0,1,108.22
35.28,16.0,66.2,41.0,1,0,1,48.18
51.99,32.0,65.9,72.7,14,0,1,88.0
56.01,22.6,57.4,33.7,7,0,1,66.43
57.53,23.2,70.9,5.0,7,0,1,54.54
69.79,25.8,59.8,88.1,16,0,1,81.32
69.01,32.1,60.0,62.0,11,0,0,96.57
56.29,33.0,50.3,42.6,18,1,1,91.17
63.46,31.5,55.5,53.6,9,0,2,104.82
63.25,19.0,68.3,17.6,8,1,2,64.22
44.88,19.3,55.9,38.0,4,0,1,48.76
36.09,21.8,64.8,47.6,5,1,1,45.26
49.45,32.2,32.8,15.8,19,0,0,82.53
35.0,20.3,58.9,35.3,1,0,1,45.23
35.0,30.6,59.9,17.9,23,0,1,66.7
69.65,36.5,59.8,78.9,12,0,2,125.15
35.0,21.1,66.9,19.2,5,0,1,41.45
36.86,16.0,56.1,38.6,4,1,1,39.01
35.0,17.4,74.3,14.1,0,0,1,52.01
42.61,37.0,41.3,15.9,20,0,2,106.93
36.63,28.2,62.3,46.5,21,1,1,79.55
46.06,28.1,48.7,68.5,20,1,1,92.83
52.38,17.6,59.8,20.0,5,0,2,55.75
68.77,16.6,59.0,6.7,5,0,0,41.28
35.0,29.8,57.3,54.7,22,0,2,83.81
60.79,34.0,51.2,75.4,15,0,0,86.97
38.93,25.2,63.9,43.7,3,1,2,51.71
84.5,16.4,66.8,44.9,10,1,1,85.39
35.0,29.9,44.0,54.6,23,1,1,63.95
35.0,32.9,55.9,56.4,22,1,2,80.92
66.94,24.8,46.1,54.5,8,0,0,68.98
35.0,39.3,41.5,38.8,22,1,0,68.6
35.0,16.0,64.3,37.8,2,1,1,39.98
51.49,21.4,59.4,100.0,18,0,1,94.66
44.26,31.2,41.9,57.3,7,1,1,72.02
45.69,23.0,72.6,7.6,4,0,0,37.56
38.17,16.8,79.7,16.3,3,0,0,35.81
35.0,32.1,72.3,29.3,23,1,0,52.28
39.13,21.9,71.7,29.5,5,0,0,36.14
35.0,16.0,64.0,43.9,1,0,1,46.44
35.44,32.5,50.7,26.3,19,0,2,99.12
71.03,27.5,54.3,81.0,10,0,2,102.93
35.0,27.2,74.1,32.0,3,1,2,51.01
72.36,33.5,52.3,80.9,14,0,0,84.8
44.44,27.9,67.8,19.3,5,0,1,53.95
39.08,26.6,68.3,20.3,21,1,0,68.63
64.9,29.5,57.9,80.2,16,0,1,85.96
35.0,32.4,42.5,24.9,23,0,1,74.51
47.91,16.0,66.4,11.8,5,0,0,38.36
58.29,36.5,52.0,79.7,18,1,0,102.21
46.82,20.2,74.0,15.8,1,0,2,51.56
75.01,28.2,57.6,82.3,14,0,1,87.16
73.12,25.3,50.1,70.6,10,0,1,91.32
65.97,28.0,65.5,43.5,7,0,0,65.07
46.25,28.5,55.3,72.1,18,0,0,86.41
74.05,33.2,33.1,54.9,12,0,2,111.25
77.52,26.1,61.8,84.7,11,0,0,90.34
38.08,23.0,65.6,58.5,4,1,1,53.43
44.07,21.3,56.2,19.9,5,0,0,39.12
39.52,40.9,45.8,48.1,21,1,1,105.79
35.0,16.0,72.5,41.6,3,1,0,33.26
66.27,29.4,59.1,55.4,18,1,2,109.52
47.42,25.9,46.8,35.1,19,0,2,89.07
35.0,16.0,77.2,15.4,0,0,2,58.7
56.55,34.8,65.8,25.4,19,0,1,102.96
63.33,37.3,46.1,78.1,16,0,2,106.68
75.19,30.4,40.4,77.7,11,0,1,101.42
69.93,29.6,62.5,50.7,14,1,1,74.84
36.74,16.0,61.8,64.7,0,1,1,59.46
74.07,32.5,58.3,90.1,13,0,0,89.57
39.06,17.1,83.9,36.9,5,0,0,42.49
45.49,16.0,54.8,57.2,4,1,1,54.19
81.11,24.8,53.8,75.8,10,0,0,89.2
45.18,16.0,65.6,20.5,3,0,1,48.56
80.07,22.5,72.4,46.9,12,1,1,75.79
80.82,33.6,81.6,66.6,10,0,2,121.86
35.0,16.0,69.2,12.8,2,0,2,49.49
35.0,16.0,54.1,18.7,0,0,2,58.44
49.47,21.2,60.3,43.3,5,1,1,46.38
60.71,31.9,48.3,86.0,17,0,0,103.98
35.0,30.5,61.4,35.6,23,0,1,71.04
64.57,17.0,69.4,60.9,9,0,0,78.54
37.13,23.4,53.0,33.3,4,0,0,40.96
35.0,30.0,49.4,38.7,22,0,1,67.58
86.88,29.9,53.2,36.9,9,1,1,93.59
81.02,24.5,58.5,89.4,11,0,2,106.35
35.0,21.6,62.4,50.5,1,1,0,37.36
71.16,33.2,53.8,59.8,12,0,1,103.76
67.59,21.1,73.0,51.3,7,0,0,63.57
35.0,21.2,59.9,16.4,1,0,2,48.04
51.68,26.6,54.4,36.5,19,0,2,94.73
35.0,18.1,54.8,36.1,0,0,2,62.85
36.17,24.9,58.3,10.3,4,0,2,48.24
58.43,26.1,61.2,77.1,8,0,1,74.97
38.13,40.6,33.8,85.9,16,0,1,98.11
66.82,26.3,56.2,60.2,8,0,1,74.6
63.23,24.6,69.6,61.2,10,1,1,82.02
60.3,41.0,52.4,71.9,14,1,1,97.25
35.0,37.9,52.6,37.7,23,0,1,84.89
51.77,16.0,72.2,20.2,5,0,2,55.77
35.0,28.6,52.5,43.5,22,0,2,74.79
36.38,16.0,61.5,40.7,2,0,2,60.52
55.27,33.5,63.4,77.9,16,0,2,95.74
42.69,22.3,68.8,32.1,4,1,1,41.65
78.78,29.3,50.6,61.0,11,0,0,95.63
54.82,24.9,45.1,79.5,17,0,0,84.12
74.39,26.3,53.1,77.6,13,1,1,79.34
35.0,31.4,59.2,23.2,20,0,1,86.84
35.0,24.1,55.5,29.7,23,1,0,40.13
73.69,22.6,64.6,84.9,10,0,2,104.05
55.11,29.4,67.8,77.1,8,0,0,73.63
35.0,16.0,66.5,31.2,1,0,1,50.42
82.21,32.9,55.6,68.7,11,0,1,109.47
35.0,22.7,67.3,35.6,2,1,0,33.51
35.31,17.2,57.6,18.6,2,0,0,34.23
35.0,16.0,61.0,46.0,0,1,1,52.75
49.87,26.3,64.8,20.9,7,0,2,68.99
35.0,28.8,57.3,32.1,21,0,1,88.0
55.02,20.0,65.0,17.5,7,0,1,59.59
73.51,26.0,59.5,81.0,10,0,1,98.69
58.15,16.0,75.0,48.4,8,1,0,53.35
50.02,16.0,70.7,29.0,4,0,2,56.35
69.01,27.6,61.5,86.0,13,0,0,78.05
35.0,20.2,73.6,19.2,2,0,2,54.71
35.0,28.8,69.8,33.3,20,0,1,82.34
35.0,19.2,82.6,27.8,4,0,2,53.66
36.81,16.0,62.6,15.3,4,0,0,39.15
43.34,35.5,71.4,37.1,18,1,1,92.25
74.86,29.8,47.4,54.7,13,0,0,78.14
35.84,20.4,79.2,5.0,3,0,0,35.16
83.75,30.0,51.0,80.1,12,0,1,103.73
59.04,25.4,59.2,71.1,9,0,0,84.57
57.81,29.5,56.6,61.0,17,1,1,91.61
55.97,27.5,51.1,22.8,7,0,0,59.97
41.69,23.6,61.8,32.0,7,0,1,60.6
40.97,21.3,56.5,32.3,6,0,2,68.4
60.27,22.9,51.8,25.5,7,0,1,58.35
63.33,28.8,56.7,76.2,13,0,1,87.29
49.41,31.0,67.9,61.7,18,1,1,97.09
35.0,22.7,59.8,56.7,5,1,2,55.6
35.0,16.0,74.7,15.9,0,1,1,47.41
35.0,28.3,50.6,17.0,22,0,1,59.34
66.81,31.9,44.2,85.4,14,0,2,96.33
35.0,16.5,70.4,38.3,0,0,1,53.37
63.48,34.8,66.2,80.1,16,0,1,96.25
35.0,18.7,66.7,37.8,0,1,1,53.94
61.76,27.4,64.7,97.3,14,0,1,84.44
35.0,34.0,64.7,42.1,22,1,1,69.17
35.0,22.4,61.8,25.4,1,0,0,37.26
75.8,30.7,54.3,91.0,13,0,0,84.14
38.8,34.7,56.0,30.7,20,0,2,103.64
61.83,22.3,67.4,36.3,7,0,1,63.28
52.47,26.9,47.3,37.7,7,0,1,69.33
36.13,29.4,58.8,55.5,18,1,1,88.39
47.47,23.3,61.4,46.2,6,0,1,64.18
50.09,42.0,40.1,45.5,18,0,0,108.23
35.0,23.1,61.0,5.0,5,0,0,35.07
35.0,19.3,55.3,31.8,5,1,2,47.55
35.0,16.6,54.6,19.9,2,0,2,53.28
50.8,21.6,63.2,44.4,6,1,1,55.91
59.06,35.1,59.1,66.7,18,0,1,109.67
70.25,23.5,58.4,39.9,7,1,1,59.87
55.66,22.5,54.4,37.5,9,1,1,71.29
40.18,29.3,50.1,49.1,19,0,1,93.39
72.64,30.3,60.2,65.3,14,0,0,76.26
74.56,29.8,69.5,39.8,14,1,1,68.35
35.0,18.9,71.1,38.4,0,0,2,63.92
49.36,35.6,61.9,51.4,19,1,2,104.07
59.11,32.8,45.3,23.9,6,0,0,68.64
35.0,16.0,66.6,32.2,3,1,1,45.36
38.5,23.7,69.2,48.8,5,1,1,42.57
40.6,17.5,54.8,23.5,0,1,1,51.44
38.73,16.0,61.9,5.0,4,0,0,33.52
35.0,36.7,58.2,40.5,22,0,1,81.76
35.0,18.8,67.1,28.0,0,0,1,53.88
35.0,22.3,54.4,37.9,3,0,1,50.24
40.36,25.1,46.8,40.1,21,0,1,82.55
35.0,16.8,77.3,14.0,1,0,1,43.22
66.61,20.7,47.0,40.7,9,1,1,76.69
39.49,28.7,62.1,31.1,4,0,2,66.2
71.46,29.6,52.0,73.7,9,0,1,102.67
35.0,16.0,75.6,21.3,0,0,0,47.1
35.0,25.8,51.0,22.4,21,0,1,78.78
39.44,21.7,83.5,38.0,5,0,0,36.79
66.15,32.4,57.3,56.9,12,1,1,95.4
65.49,22.7,66.4,67.2,14,1,0,59.27
35.0,16.0,61.0,29.2,3,0,0,40.84
62.66,23.6,60.1,63.4,12,0,2,92.0
35.0,34.9,51.3,43.6,23,1,1,72.65
46.41,30.5,70.0,6.5,19,0,1,90.28
35.0,30.1,59.1,29.8,23,0,0,58.94
82.09,30.4,60.1,85.7,14,0,1,90.09
62.21,19.4,68.7,38.5,7,0,1,71.06
35.0,16.0,72.2,13.6,4,0,1,40.2
81.04,35.1,40.8,68.6,14,0,1,95.34
40.1,25.0,76.4,28.4,3,0,0,38.54
65.2,27.8,50.8,54.3,11,1,1,87.63
82.22,29.0,56.5,51.9,12,0,0,94.33
35.0,22.7,74.1,33.5,1,1,1,44.77
57.98,32.4,69.6,63.4,18,1,1,98.91
47.3,30.1,62.4,87.8,18,0,2,107.93
35.0,19.3,60.5,45.3,3,0,0,40.03
35.0,24.7,61.3,26.5,3,0,1,46.18
63.87,26.3,60.3,81.8,10,0,0,87.22
35.0,17.3,67.8,51.5,4,1,1,47.61
35.0,32.5,44.1,5.0,19,0,1,82.14
63.21,28.7,67.1,47.8,10,1,2,90.14
88.72,27.2,59.3,76.2,9,0,0,94.35
60.3,25.2,54.1,43.7,7,0,0,61.72
58.44,17.6,61.9,32.6,5,0,1,52.09
40.98,24.0,62.9,29.0,5,0,0,38.39
52.72,23.1,50.3,22.3,7,0,0,54.65
42.08,28.9,63.9,30.1,22,0,1,67.72
74.66,32.7,55.7,67.8,14,0,0,81.53
66.51,27.1,70.9,65.6,13,0,0,69.62
76.71,19.8,64.8,51.7,10,1,1,83.18
84.16,23.1,52.9,91.1,11,0,1,95.63
63.58,27.3,48.6,49.9,12,1,0,77.22
60.19,25.3,56.7,35.2,7,1,1,59.73
45.58,27.9,55.4,65.7,17,1,1,88.61
35.0,16.1,62.6,14.4,0,0,1,52.48
73.5,24.8,61.2,62.7,14,1,1,66.98
61.51,26.9,53.8,27.7,7,0,0,59.15
69.91,32.9,55.7,67.5,10,0,1,109.04
59.9,33.5,49.0,71.9,11,0,1,110.31
70.62,30.9,60.3,48.7,11,1,1,87.48
39.76,22.6,59.5,41.6,3,0,2,59.69
83.63,22.1,72.3,63.1,15,1,1,72.21
35.0,19.8,69.3,12.4,3,0,1,46.94
35.0,18.0,67.1,41.5,4,1,1,40.74
35.0,34.9,50.4,42.1,23,1,1,74.14
44.22,16.0,55.0,5.0,4,0,0,34.61
57.53,23.7,72.3,56.1,7,1,0,57.8
68.25,24.2,55.2,63.1,9,0,2,101.48
64.21,35.4,52.4,100.0,16,0,1,100.82
62.85,30.2,58.6,84.5,8,0,1,84.25
35.0,28.2,56.0,11.5,21,0,1,82.65
64.62,28.2,68.3,71.2,18,0,1,102.52
57.88,29.8,46.4,86.1,13,0,0,78.67
54.56,29.9,70.0,22.1,7,0,2,81.8
55.04,24.2,66.0,54.1,8,1,0,51.01
41.77,26.8,56.6,35.5,21,1,1,76.11
70.52,23.6,59.2,59.1,10,1,2,90.64
35.0,32.5,36.2,51.4,22,1,1,67.83
36.42,18.0,58.8,32.2,0,0,1,55.73
65.5,26.1,56.3,63.9,13,0,0,71.59
35.0,17.5,67.4,30.2,4,0,1,46.73
48.09,28.1,67.6,62.0,20,1,1,84.96
65.18,33.4,69.6,64.1,13,0,1,90.15
35.0,16.0,69.4,8.3,3,0,2,51.43
35.0,30.1,57.6,5.0,21,0,1,81.46
39.26,29.8,52.3,21.5,22,0,1,67.54
35.0,16.0,53.5,24.4,0,0,1,53.06
35.13,28.5,52.4,31.1,21,0,1,84.58
35.0,36.6,49.0,34.8,22,0,1,75.48
43.57,26.9,66.3,70.0,18,0,1,93.76
41.24,19.1,68.9,24.0,7,0,1,57.05
69.89,24.3,62.3,65.9,14,0,2,78.83
35.61,31.6,50.0,61.0,20,1,2,101.66
71.17,37.2,34.4,86.6,14,0,2,111.59
62.06,23.5,45.9,76.2,8,0,0,64.65
35.0,32.3,40.9,74.0,20,1,1,95.79
58.2,20.8,61.0,86.4,8,0,0,65.01
70.06,24.8,68.1,92.5,9,0,0,86.69
36.94,36.8,58.3,26.6,19,0,1,96.1
36.74,32.6,60.3,53.6,20,1,1,88.22
58.0,32.5,49.9,82.5,8,0,0,82.98
35.0,23.4,70.4,20.5,2,0,0,36.25
52.4,31.6,47.3,67.1,19,1,0,91.0
80.85,25.6,66.3,67.0,10,0,2,95.92
53.84,27.5,44.6,15.1,5,0,0,45.72
35.0,18.2,56.0,39.6,1,0,0,39.27
48.0,27.6,71.2,12.8,6,0,1,62.28
46.32,39.4,46.8,87.3,17,0,1,119.39
35.0,16.8,61.1,32.0,1,0,2,54.12
60.05,32.3,63.0,61.1,16,1,0,71.69
66.71,30.0,65.7,52.3,10,0,1,94.65
69.17,30.1,52.4,92.8,11,0,1,104.71
36.42,34.8,54.4,63.8,18,0,2,110.21
35.0,26.6,59.8,36.4,21,0,1,82.95
35.0,28.0,35.0,16.7,23,0,2,67.58
50.66,19.9,52.9,30.7,6,1,0,45.0
47.39,36.8,58.1,33.0,19,0,1,100.91
41.46,16.0,60.5,46.5,5,1,1,46.43
37.59,38.1,53.8,46.3,20,1,2,108.72
35.86,34.5,54.5,42.2,23,0,0,72.65
35.0,21.7,72.4,37.5,0,1,0,42.53
57.44,27.2,47.3,75.8,16,0,1,73.5
62.12,26.4,62.1,71.4,10,0,0,85.55
38.7,33.1,53.0,11.8,21,0,0,79.84
42.84,32.4,47.8,83.8,17,0,2,112.18
35.0,33.2,47.1,28.5,20,0,1,92.16
65.85,29.8,58.0,65.3,16,0,1,84.49
35.0,22.5,67.1,36.3,6,0,1,59.23
57.59,35.1,52.5,75.7,16,0,1,95.26
44.56,27.3,58.9,25.9,19,0,0,79.25
59.43,30.2,51.9,61.3,8,1,0,67.72
54.64,34.9,48.7,40.7,16,1,1,73.17
38.78,28.1,51.2,5.5,19,0,1,77.16
38.86,33.5,49.1,8.2,21,0,1,92.53
46.97,35.5,56.3,44.4,21,1,0,89.99
57.59,18.0,71.2,35.7,7,1,1,63.07
46.59,31.1,44.9,56.6,16,1,2,78.27
54.54,21.6,55.5,13.7,6,0,2,71.16
35.0,16.0,61.5,45.0,0,0,2,66.39
66.24,28.4,56.8,99.0,12,0,2,109.47
35.0,29.3,43.1,35.8,22,0,1,64.68
43.94,37.2,43.2,41.9,18,1,2,107.86
35.0,28.9,45.8,34.2,23,1,0,48.27
49.5,34.9,55.3,84.9,18,0,1,110.27
77.13,24.3,60.3,59.5,16,1,1,69.14
66.21,27.4,54.4,85.8,12,0,0,85.13
82.06,30.4,47.2,90.0,15,0,2,101.68
58.14,22.2,58.7,47.9,7,0,2,78.28
49.26,30.1,51.4,52.1,18,1,1,90.88
53.89,28.7,70.1,76.0,17,0,2,105.74
35.0,20.1,71.9,34.7,0,1,0,41.94
76.48,32.9,48.2,36.0,13,1,1,80.17
54.18,31.4,56.2,83.4,18,0,1,105.15
52.25,25.3,67.3,81.8,14,0,1,75.62
76.81,38.6,43.6,53.4,17,1,2,119.67
35.0,16.0,55.9,5.8,1,0,2,45.22
35.0,26.1,44.8,35.4,21,1,2,85.01
42.03,22.9,71.9,68.8,16,1,1,62.01
54.33,31.8,53.0,91.0,17,0,2,111.63
39.84,20.1,66.3,16.4,5,0,0,35.73
45.91,35.9,46.7,73.3,18,1,2,113.84
35.0,21.6,52.6,32.5,3,0,1,45.73
35.0,18.2,56.8,30.0,0,0,0,46.64
60.78,21.9,51.8,9.5,7,0,1,58.19
35.0,36.2,57.9,10.0,22,0,0,65.88
50.62,29.4,68.4,30.0,6,1,0,56.06
35.0,22.4,62.4,36.1,2,1,1,40.73
64.71,23.2,49.3,96.6,9,0,0,86.29
69.84,28.2,61.4,67.1,9,0,0,86.78
45.97,30.1,66.0,84.3,18,0,0,91.78
73.31,24.4,68.2,54.4,13,1,1,64.55
35.0,16.0,67.0,30.7,1,0,0,38.48
35.0,16.0,65.3,24.2,0,0,1,55.79
35.0,32.1,54.0,27.1,22,0,0,59.77
35.0,40.0,57.8,29.4,22,0,2,87.97
54.53,27.9,63.8,57.0,17,1,2,93.68
49.17,27.2,55.1,29.5,6,0,1,69.05
65.06,21.7,59.4,39.8,7,0,2,73.49
35.0,16.0,63.3,16.0,0,0,2,59.47
37.08,29.7,47.7,54.2,22,1,2,71.33
35.0,23.0,72.4,21.8,2,0,1,45.23
35.0,32.8,47.5,20.5,23,0,0,61.5
37.86,33.3,57.2,33.4,22,0,1,72.21
49.06,28.3,52.1,35.9,7,1,1,60.23
35.0,27.8,54.0,28.8,21,0,1,83.1
73.85,25.4,58.7,77.7,14,0,1,81.02
35.0,16.0,71.6,5.0,4,0,2,44.5
35.0,21.9,60.4,45.0,2,1,2,53.47
59.4,34.0,43.7,57.7,18,0,0,97.87
35.79,20.0,64.2,23.6,0,1,0,35.37
62.21,24.9,53.9,79.4,14,0,0,72.62
45.01,16.5,79.1,31.4,7,0,2,66.16
35.0,16.0,65.1,39.5,1,0,1,48.77
38.37,16.0,61.9,26.9,2,1,1,44.12
35.0,37.6,65.7,16.1,23,0,1,74.53
74.91,32.9,59.6,65.6,13,1,1,86.56
35.0,29.6,49.2,54.7,23,1,1,67.98
75.54,30.1,49.6,77.3,13,0,1,86.75
83.6,23.4,65.1,49.5,10,1,2,94.61
61.92,31.8,54.9,78.1,15,1,2,86.28
35.0,16.0,74.3,21.9,3,0,2,51.07
45.39,34.9,46.8,22.2,19,0,2,101.5
37.11,16.6,72.3,22.8,4,1,1,40.38
35.0,35.2,34.0,33.7,21,0,1,94.08
35.0,30.3,54.5,70.2,20,1,1,88.23
62.2,25.7,54.5,51.5,13,1,2,70.88
35.0,38.2,45.8,46.0,22,0,0,74.14
61.11,31.1,54.3,68.0,15,0,1,82.57
60.22,30.1,65.0,82.5,17,0,0,98.09
50.69,25.0,50.8,27.7,6,0,1,61.28
59.88,19.7,46.7,50.7,9,0,1,82.07
42.4,26.4,50.6,31.5,6,0,1,60.73
35.0,16.5,75.0,30.4,0,0,0,47.31
35.0,34.1,39.5,18.8,22,1,1,61.41
41.44,25.8,54.8,78.3,20,1,2,91.17
46.34,30.2,62.6,80.5,18,0,0,93.21
60.9,30.4,55.2,89.9,15,0,1,88.74
50.88,35.8,60.4,54.4,18,0,1,107.49
43.68,21.9,46.2,20.1,3,0,2,50.45
41.46,29.8,53.6,74.2,17,1,0,85.3
35.0,18.9,75.6,21.2,1,1,2,45.47
35.0,22.1,53.3,20.4,0,0,1,57.09
73.38,28.9,65.2,64.9,14,1,2,81.29
42.34,18.8,63.1,5.0,4,0,2,49.46
40.09,24.4,64.0,44.1,19,1,0,69.99
58.76,25.0,70.2,91.6,10,0,0,84.75
81.05,18.1,69.0,40.7,9,1,1,78.49
35.0,17.2,61.5,39.1,1,0,1,45.57
35.0,22.3,66.7,42.2,2,1,0,36.74
35.0,23.2,56.1,69.5,22,1,0,46.91
35.0,36.7,52.9,30.3,22,0,1,77.62
75.98,25.7,49.4,90.2,11,0,0,89.59
41.52,31.8,54.8,57.0,19,1,0,82.08
37.38,18.0,75.1,27.5,4,0,1,46.88
50.38,16.0,64.8,32.7,4,0,0,42.32
50.92,17.8,74.5,34.7,5,0,1,51.99
53.13,32.4,78.8,74.5,8,0,1,82.83
35.0,16.0,67.0,40.0,1,1,1,43.88
35.0,25.6,64.4,31.0,20,0,2,86.82
76.53,27.6,61.7,81.0,11,0,1,103.91
35.0,18.0,67.4,12.7,2,0,1,40.78
67.27,30.6,61.8,27.7,19,0,1,97.85
35.76,32.0,52.4,28.8,21,0,2,99.41
73.07,29.6,51.0,63.3,11,0,2,108.07
40.6,29.0,44.6,35.9,23,0,2,79.39
64.14,31.7,51.9,80.0,16,0,1,85.05
55.53,29.1,63.9,68.0,9,1,0,81.3
35.0,27.4,50.6,24.7,23,0,1,59.55
79.06,19.6,66.3,88.6,13,0,0,73.02
35.0,34.4,51.5,31.5,22,0,2,85.9
70.54,40.9,42.3,98.1,16,0,1,110.18
57.7,31.4,40.1,63.4,17,0,1,105.13
50.66,32.5,64.9,69.1,18,0,1,101.62
51.28,29.7,60.3,48.8,16,1,2,79.0
86.38,35.2,73.1,74.1,13,0,1,100.85
60.06,23.7,69.7,61.5,8,0,0,61.84
48.63,22.2,73.0,21.7,7,1,1,48.02
46.88,21.3,49.0,5.0,1,0,1,42.96
88.44,26.1,45.0,48.6,12,0,1,92.73
46.42,16.8,66.9,32.9,6,0,2,71.53
47.45,27.5,48.8,69.5,8,0,0,67.02
35.0,29.6,50.9,25.2,21,1,1,77.07
44.96,28.0,77.8,32.1,21,1,1,78.7
73.06,34.5,61.9,53.7,10,1,1,96.67
63.35,28.2,50.0,63.4,13,0,2,90.25
38.59,21.1,44.2,44.3,3,0,2,60.46
73.32,28.1,49.3,92.0,12,0,1,102.98
35.0,16.0,62.7,44.1,1,0,2,61.64
35.0,34.5,49.8,27.2,22,0,1,73.81
47.95,21.3,52.8,43.4,4,1,0,41.67
76.02,23.4,70.3,67.2,10,0,1,92.5
35.0,22.7,56.2,14.8,5,0,1,40.83
59.41,29.3,61.7,75.3,17,0,0,95.44
38.36,27.6,58.4,32.8,20,0,0,77.11
64.31,20.2,71.3,89.3,9,0,1,89.19
35.0,20.2,61.9,33.4,3,1,1,41.08
55.58,22.5,54.6,60.0,8,0,0,63.72
38.23,26.9,53.7,48.8,5,1,1,48.28
35.0,17.5,61.3,5.0,1,0,2,47.07
60.28,27.8,74.3,59.5,16,1,0,60.22
41.87,20.6,64.1,41.1,4,1,0,35.39
37.25,16.0,67.2,20.5,5,0,2,50.66
79.81,26.7,65.7,56.5,11,0,1,98.71
38.86,33.0,53.6,35.6,22,1,1,67.41
37.45,32.8,62.7,44.7,20,0,0,86.55
71.84,30.3,52.8,47.1,9,1,1,90.44
36.8,42.0,42.6,38.9,21,0,1,106.24
35.0,34.7,44.4,10.4,20,0,1,84.62
48.04,25.7,74.3,43.1,5,1,2,53.41
38.32,33.1,52.9,41.1,7,1,2,77.77
35.0,16.0,57.8,26.3,1,0,2,52.28
71.51,27.6,59.5,66.7,11,1,1,92.25
80.07,26.1,53.9,76.8,12,0,0,86.87
36.82,35.4,48.6,10.7,20,0,1,91.86
55.97,23.0,64.1,32.4,6,0,0,50.93
58.06,21.8,74.8,85.1,9,0,2,97.81
82.06,28.0,58.4,75.8,12,1,1,92.64
75.53,35.1,46.2,91.4,16,0,1,100.66
35.0,26.8,54.5,30.7,20,0,1,81.29
80.32,25.7,64.7,61.3,13,0,2,85.63
35.0,16.0,51.5,6.6,1,0,2,42.31
35.86,33.2,45.1,22.3,21,0,1,94.94
84.67,31.0,56.9,71.0,10,1,2,107.44
35.0,16.0,53.5,35.3,0,0,1,52.73
56.12,32.1,51.8,63.3,18,1,1,99.75
35.0,28.3,53.5,59.6,20,1,2,93.35
38.19,23.2,68.5,47.8,3,0,1,49.73
62.88,30.8,53.4,66.9,18,1,2,109.62
35.0,32.5,63.5,59.0,20,1,0,81.96
69.07,26.1,59.8,67.3,10,0,0,85.67
61.96,27.5,72.2,12.9,7,0,2,74.92
75.23,34.3,41.5,61.7,10,0,0,104.41
35.0,16.0,80.1,12.9,3,0,2,44.48
63.82,27.1,55.0,63.4,16,1,2,84.43
47.34,23.2,73.2,24.8,6,0,0,53.59
48.72,19.7,73.7,36.1,7,1,1,56.18
39.2,22.1,39.5,33.8,2,0,0,38.21
35.0,36.3,54.8,46.7,21,0,1,99.22
35.0,16.0,75.2,30.1,1,1,0,32.85
35.0,28.7,67.7,16.9,22,0,0,54.87
76.36,28.6,47.7,48.4,14,0,1,81.17
35.0,31.8,59.3,24.7,23,0,1,68.88
35.0,33.2,55.0,23.5,21,0,2,99.29
35.0,22.9,65.1,35.7,21,0,2,78.89
35.0,16.1,75.1,24.0,4,0,1,43.61
35.0,29.8,65.4,17.9,23,0,1,59.88
35.0,16.0,62.0,42.3,0,1,2,59.71
35.0,16.0,69.3,31.7,3,0,1,49.24
65.51,22.1,62.6,55.6,14,0,1,68.11
44.79,26.7,56.7,37.1,19,0,2,90.7
52.22,31.3,53.8,75.7,18,1,1,95.77
37.08,16.6,68.3,31.6,2,0,1,44.78
37.44,29.4,51.7,13.8,19,0,2,91.38
71.84,29.3,63.7,71.1,10,0,2,109.62
59.16,34.1,62.9,89.2,16,0,1,97.75
71.09,28.6,50.6,48.3,12,1,1,85.21
69.12,26.6,69.3,67.5,10,1,1,89.4
35.0,16.0,60.7,24.4,1,0,0,38.99
64.5,21.1,70.3,76.9,8,0,2,86.41
35.0,16.0,77.7,15.0,1,0,0,32.47
47.32,31.0,54.4,64.0,20,1,2,95.85
48.86,27.1,51.8,43.1,8,1,0,54.11
70.93,29.4,51.8,56.9,8,0,0,81.57
53.52,22.0,65.3,39.9,7,1,1,54.61
60.99,32.9,69.4,67.4,16,1,1,82.85
35.0,16.0,53.7,20.4,0,0,0,40.44
77.3,24.3,61.3,45.6,10,0,1,91.87
49.43,21.1,62.4,23.6,7,0,1,53.83
62.42,31.0,51.5,57.6,9,1,0,78.04
54.0,23.5,60.6,35.9,6,1,0,49.34
35.0,20.3,59.4,57.1,2,1,2,53.37
35.0,20.1,73.9,30.3,2,1,1,43.2
50.09,31.6,65.5,61.1,17,0,0,95.22
35.0,26.1,59.8,39.9,4,1,2,48.12
61.04,17.8,64.6,50.1,11,1,2,83.96
80.33,27.6,53.9,79.0,11,0,1,99.79
51.27,36.2,51.7,70.5,18,0,1,108.1
38.15,16.0,82.0,57.7,5,1,2,55.22
35.0,21.0,62.4,19.7,1,0,2,53.44
65.41,24.0,54.1,61.1,11,1,2,86.08
45.71,32.2,51.1,82.2,18,0,1,104.16
35.91,16.9,72.5,36.5,4,0,1,46.63
74.66,30.9,49.5,77.8,11,1,1,97.77
65.64,29.8,55.9,72.2,16,0,0,75.9
48.05,34.3,56.3,70.2,16,0,1,85.27
70.84,26.8,53.4,52.0,9,0,2,99.02
35.0,28.6,43.0,64.5,22,1,1,63.92
65.95,32.9,45.1,79.3,16,0,1,92.89
69.94,27.0,51.5,69.0,14,1,1,72.6
82.88,27.3,56.3,81.7,11,0,0,96.42
62.28,29.1,57.1,60.6,15,1,1,72.2
35.0,35.0,58.6,44.2,23,1,2,81.52
40.66,33.9,43.1,68.3,18,0,0,93.9
57.32,22.8,67.2,21.4,7,0,0,55.11
35.0,29.3,53.6,13.6,20,0,2,84.51
69.56,25.9,45.0,93.7,16,0,0,75.8
42.16,32.3,54.3,31.7,22,0,1,71.6
35.0,17.5,76.6,48.7,4,0,2,57.1
35.0,24.4,67.5,52.6,21,0,1,78.35
71.23,25.0,59.4,58.2,15,0,1,74.02
35.0,27.4,67.1,36.8,5,0,2,58.02
50.48,20.3,65.3,8.7,7,0,0,47.46
49.98,35.7,59.3,62.1,17,1,1,101.43
93.4,25.6,46.2,78.8,11,0,1,102.62
80.02,34.6,42.3,59.6,14,0,2,102.38
60.76,28.7,62.9,66.1,8,0,1,84.38
81.23,24.7,72.6,64.3,12,1,1,86.0
73.34,21.7,66.0,62.1,14,1,1,67.84
72.42,17.4,62.1,27.8,9,1,1,83.3
59.25,27.1,51.5,51.6,15,1,2,74.18
60.99,29.5,53.9,7.1,6,0,1,70.62
56.36,29.3,66.3,45.6,16,1,1,70.39
35.0,32.3,51.4,35.5,22,1,1,71.61
42.22,37.2,58.6,36.8,20,0,1,99.48
35.09,32.4,59.3,53.4,21,1,1,85.98
50.19,22.2,75.9,47.0,6,0,2,68.6
80.86,31.4,56.5,80.1,13,0,1,94.06
62.36,30.8,55.0,77.3,14,0,2,91.46
52.25,31.6,63.5,30.9,20,0,2,96.83
45.99,19.0,57.3,45.8,6,1,1,54.07
61.79,24.3,57.0,55.6,8,0,1,70.76
64.88,36.1,37.7,97.7,18,0,2,126.48
62.0,37.5,40.0,51.8,15,0,1,95.61
64.65,24.1,76.1,53.8,7,1,2,68.64
54.76,34.4,58.0,75.7,17,0,1,110.35
35.0,32.8,42.8,11.9,22,0,1,66.5
53.4,31.0,64.7,66.4,17,1,0,88.77
48.06,34.0,47.2,58.6,19,1,1,98.51
58.11,26.7,63.8,16.8,6,0,2,75.93
35.0,16.0,72.2,23.4,2,1,1,39.88
43.69,25.6,72.9,42.4,17,1,1,76.74
72.76,22.9,57.4,32.7,9,1,2,85.55
48.86,22.8,55.9,20.4,6,0,1,59.51
53.68,34.4,31.0,60.5,16,0,1,91.75
76.92,24.9,59.1,75.5,13,0,2,86.93
35.0,21.4,68.7,12.2,23,0,1,51.47
35.0,16.3,73.9,29.3,2,0,0,41.23
81.53,26.3,69.0,89.8,11,0,1,96.83
78.7,23.4,63.6,78.5,12,0,1,93.86
35.0,16.0,71.2,23.9,1,0,1,45.99
35.0,21.8,63.1,18.6,2,0,1,45.71
44.05,20.3,69.4,57.4,4,1,1,42.81
78.96,27.5,50.6,72.7,10,0,0,88.55
62.81,21.5,51.5,54.9,7,0,1,63.19
35.0,28.7,50.4,25.8,22,1,0,51.84
36.23,30.3,57.5,28.5,22,0,1,67.44
77.24,29.1,46.4,77.0,11,1,2,107.75
42.22,16.0,62.1,31.7,6,1,1,52.22
68.6,36.3,46.2,72.2,14,0,1,102.62
35.0,33.7,59.3,47.5,23,1,0,61.04
46.6,28.8,62.3,79.7,16,0,0,70.2
40.35,22.4,62.7,31.7,3,0,1,48.61
57.13,36.8,54.2,38.9,21,0,0,98.0
84.67,26.7,62.4,70.8,12,0,1,100.35
57.77,30.5,52.7,77.2,17,1,0,90.79
35.0,23.0,57.2,5.0,0,0,2,57.18
60.28,38.8,61.2,87.9,15,0,1,102.3
76.21,28.1,37.6,88.8,12,0,0,97.57
75.42,20.4,57.7,65.7,9,0,2,97.23
68.75,25.2,58.2,57.6,11,0,1,86.12
46.37,21.8,67.1,22.2,1,0,0,39.96
35.0,27.6,67.0,44.8,22,1,1,57.77
35.0,17.5,80.8,21.0,2,0,1,41.12
68.24,26.2,58.3,81.0,9,0,1,91.46
35.0,16.0,67.0,48.3,1,0,0,44.44
35.0,36.1,54.0,8.6,22,0,1,74.36
75.66,30.8,51.1,36.6,12,1,1,93.95
71.4,36.0,41.7,74.2,12,0,0,105.41
66.77,34.5,51.6,66.8,17,0,2,122.36
41.32,16.0,73.2,19.2,2,0,1,42.77
46.89,24.1,58.8,55.2,6,1,1,54.03
60.99,32.8,57.0,73.6,13,0,1,86.98
46.07,36.1,36.2,24.7,19,0,0,91.49
64.75,27.8,57.9,54.8,16,1,2,79.25
38.34,28.4,54.0,24.5,20,0,0,79.05
78.41,22.5,51.8,63.2,11,1,0,78.24
78.73,36.8,55.8,93.4,15,1,1,105.29
35.0,33.9,67.7,28.4,23,0,1,73.33
78.4,23.8,68.9,89.0,11,0,1,96.84
77.68,30.2,64.3,77.2,14,0,0,83.24
69.69,24.5,66.1,50.7,9,0,1,87.49
42.44,18.0,70.7,33.2,6,1,1,53.45
55.13,32.1,39.9,28.3,19,0,0,85.23
38.32,20.8,62.4,33.7,4,0,2,57.04
35.0,24.8,64.2,42.5,0,1,0,52.55
53.48,28.3,61.6,86.0,16,0,1,79.01
35.0,16.0,77.4,7.5,2,0,1,40.54
65.14,23.8,52.7,75.6,12,0,1,86.24
79.5,25.3,64.6,90.9,13,0,1,86.57
35.0,29.7,47.7,28.3,23,1,2,68.84
62.68,27.2,56.5,88.4,17,0,0,91.27
41.68,22.4,61.6,37.8,3,0,2,53.54
63.76,26.9,65.4,60.2,17,0,1,90.93
42.57,20.1,69.9,29.1,4,0,1,51.59
69.98,38.3,50.3,76.9,15,0,1,100.14
35.0,19.3,47.4,22.9,0,0,1,53.7
36.51,33.8,56.5,6.7,20,0,1,87.65
78.82,36.3,48.8,56.8,13,1,2,100.76
63.96,34.6,63.4,73.1,14,0,2,102.08
62.07,26.3,68.2,54.6,8,0,2,82.22
65.71,28.4,49.8,59.3,14,0,2,84.68
71.88,30.8,60.0,48.9,16,1,1,78.83
35.0,31.1,59.9,12.4,23,0,1,66.84
49.42,17.5,70.2,28.9,3,0,1,51.32
68.09,27.9,60.9,70.9,11,1,0,79.85
35.0,21.4,67.9,21.3,4,0,1,40.86
37.96,16.0,79.2,34.2,4,0,1,51.75
65.85,32.6,49.5,86.4,10,0,0,105.11
47.83,22.6,54.7,24.0,5,0,0,40.45
49.59,20.9,69.6,44.9,6,1,1,57.08
35.0,32.3,39.1,22.3,23,0,1,69.2
82.85,32.6,59.2,61.5,13,0,1,93.8
35.0,25.5,63.4,31.0,23,1,1,48.97
75.99,25.7,40.7,78.9,10,0,1,97.2
70.59,23.3,56.3,73.5,12,0,1,88.28
35.0,28.3,70.0,33.8,1,0,0,46.6
58.45,22.5,50.4,5.0,6,0,0,47.43
35.0,27.2,59.9,5.2,19,0,1,74.33
35.0,33.5,45.1,6.7,3,0,1,58.07
56.94,20.8,57.7,27.0,7,0,0,52.48
35.0,31.1,70.5,8.5,19,0,1,80.89
35.0,31.4,55.9,43.8,21,1,0,82.07
35.0,28.6,61.2,34.0,20,0,1,82.07
40.35,32.7,52.9,93.2,18,0,1,101.02
69.8,19.2,52.6,91.9,12,0,1,96.07
67.56,33.2,43.9,66.7,13,0,2,96.79
63.11,20.5,73.0,55.0,9,0,1,84.45
73.13,24.4,61.7,67.4,10,0,2,98.9
35.0,20.7,57.3,36.7,1,0,1,50.26
61.88,23.2,61.3,35.3,8,1,1,63.49
71.32,30.3,61.1,74.7,16,0,1,88.26
35.0,16.0,70.8,33.3,2,1,1,37.39
35.0,39.8,42.0,44.0,23,0,1,87.43
60.38,23.1,48.9,27.8,5,1,1,48.21
35.0,16.0,63.9,25.8,4,0,0,39.69
35.0,20.7,72.3,53.3,4,1,0,37.57
42.56,27.3,65.0,47.1,21,0,1,86.2
73.41,36.5,54.0,66.7,14,0,1,95.51
35.0,32.5,52.6,36.5,22,0,1,72.09
53.46,27.0,54.2,67.4,16,0,0,63.56
62.21,26.8,57.3,91.5,8,0,1,83.31
35.0,17.2,72.5,45.8,2,0,2,57.01
44.64,26.8,66.7,14.3,19,0,2,87.98
53.38,32.5,51.9,82.8,16,0,1,89.75
64.98,26.5,79.1,88.4,9,0,1,100.48
35.0,22.9,62.4,21.5,2,0,2,51.05
61.64,31.6,51.9,66.6,17,1,1,99.6
47.83,31.8,66.3,67.2,17,1,1,94.78
63.11,31.6,38.4,84.1,16,1,2,92.44
46.93,37.8,53.6,5.0,23,0,1,78.45
35.0,17.1,65.7,39.3,2,1,1,44.54
35.0,20.2,75.4,25.0,2,1,0,33.83
42.78,23.4,66.1,25.2,5,0,0,40.16
51.46,29.4,57.6,65.6,12,0,2,100.39
35.0,30.0,61.3,21.9,23,0,1,63.94
74.14,30.1,47.4,49.5,14,1,1,77.88
61.09,23.6,68.8,76.9,8,0,0,67.45
40.76,27.0,47.7,37.9,3,0,1,53.72
72.24,27.0,61.2,70.5,13,0,1,81.88
35.0,16.3,67.2,57.2,4,1,0,36.14
35.0,17.6,51.8,52.5,1,1,2,53.18
68.91,25.8,59.9,84.4,10,1,0,80.69
52.81,24.8,62.4,79.9,8,0,1,75.28
35.0,29.6,51.1,24.3,23,0,1,63.56
35.0,18.8,56.9,6.0,2,0,1,44.5
52.81,24.5,64.3,65.6,8,0,2,77.31
35.0,22.0,65.3,22.5,2,0,1,44.55
35.0,18.0,67.4,23.9,1,0,2,48.27
75.29,27.5,58.1,100.0,11,0,0,100.35
73.02,27.1,53.8,72.5,9,0,0,89.36
55.11,27.5,76.2,18.8,8,1,1,63.76
71.55,25.7,57.0,83.0,14,0,1,81.44
70.08,17.9,58.7,47.3,7,1,1,63.39
48.68,26.8,59.0,19.5,4,0,2,58.62
61.45,28.9,55.4,100.0,10,0,1,104.34
35.0,16.8,64.0,5.0,1,0,2,48.9
39.43,31.5,69.8,40.0,23,0,1,69.24
75.26,28.1,48.5,71.5,14,0,1,82.74
42.0,21.8,62.9,13.6,5,0,1,45.9
54.05,19.1,56.2,53.8,7,0,1,64.94
39.32,23.4,57.0,33.8,4,0,0,38.2
69.6,31.0,69.1,71.4,15,0,0,80.77
52.21,32.2,56.5,56.2,17,1,1,95.57
42.22,17.4,68.3,43.3,5,1,2,51.03
35.0,22.1,54.8,34.5,4,1,0,37.5
69.03,26.9,55.1,90.6,15,0,2,91.42
69.1,25.2,74.4,61.1,12,1,2,88.22
35.0,20.4,67.7,52.2,4,1,1,40.44
86.8,38.0,46.9,77.5,12,0,0,116.9
61.94,31.6,58.2,70.4,16,1,0,70.04
70.05,21.1,65.2,91.1,17,0,1,99.64
41.01,20.4,57.0,60.2,7,1,1,55.86
63.4,30.7,52.5,65.9,12,1,2,100.38
53.73,27.2,76.3,64.6,18,0,1,95.49
35.0,21.7,65.8,22.9,2,0,0,33.13
35.0,32.0,41.8,39.7,23,1,0,57.54
65.56,26.9,62.5,18.1,7,0,1,65.73
35.0,16.0,77.6,16.1,1,0,0,32.63
66.06,20.4,56.4,42.1,7,1,1,60.64
74.44,30.3,52.1,63.2,12,0,1,99.44
66.44,28.0,69.3,60.9,12,0,0,88.65
35.0,16.8,66.8,5.0,0,0,0,40.81
54.51,27.2,57.1,30.8,5,0,1,58.53
35.0,33.8,42.3,29.1,23,0,1,74.09
57.78,23.8,69.6,71.1,18,0,0,80.22
78.88,33.5,51.7,86.9,15,0,1,97.2
55.83,25.8,42.0,13.0,7,0,2,68.49
35.0,21.8,50.0,44.6,0,1,1,53.47
64.44,26.6,54.2,75.6,15,0,2,86.04
65.32,25.3,51.2,66.1,8,0,1,77.58
87.05,28.4,49.9,69.1,12,0,1,103.08
61.83,22.2,81.0,68.2,10,0,2,95.66
76.75,31.8,60.2,78.0,12,0,1,106.23
38.91,31.0,34.6,32.1,20,0,2,98.55
53.24,29.7,53.8,34.9,9,1,0,78.67
35.0,16.2,66.4,16.5,3,0,0,36.44
38.07,16.0,55.4,26.6,5,0,2,56.04
56.11,21.0,67.5,5.2,6,0,1,55.74
45.01,20.9,46.9,25.4,4,0,1,49.9
56.65,23.9,69.6,93.7,10,0,1,93.65
80.11,16.0,78.7,66.6,12,0,2,100.29
54.08,33.3,72.2,72.9,18,0,2,114.74
35.0,33.2,40.8,37.3,22,0,1,70.11
68.9,27.8,46.8,84.1,9,0,2,106.91
75.28,23.5,66.7,75.7,9,0,0,86.66
81.02,24.3,70.0,74.3,10,0,0,85.33
35.0,37.8,56.3,10.2,20,0,1,92.83
49.61,16.0,75.8,30.9,6,0,0,52.93
54.43,30.4,66.7,58.9,17,0,1,99.89
35.0,19.7,65.9,5.0,3,0,1,36.73
35.0,20.1,62.2,37.1,1,0,1,47.26
75.64,29.5,45.4,79.6,13,0,0,81.93
64.63,24.3,58.2,85.6,12,0,1,95.58
79.51,31.7,53.5,66.2,11,0,1,104.64
47.05,21.9,54.9,30.6,6,0,1,64.56
35.0,16.0,66.9,19.7,1,0,2,50.98
70.04,28.8,48.4,56.1,12,1,2,94.05
68.76,30.8,64.3,86.7,13,0,1,89.56
54.94,38.8,52.4,58.2,16,1,2,93.09
57.59,25.6,55.8,66.6,8,0,0,65.46
56.09,25.0,61.5,58.6,16,0,1,71.19
59.95,17.2,57.4,29.3,7,0,2,71.11
35.0,22.7,53.8,37.7,1,0,1,44.47
35.0,28.2,52.4,15.6,23,0,2,64.32
74.38,21.8,61.0,68.3,12,1,1,85.88
35.0,22.3,63.3,13.7,2,0,2,51.12
67.39,28.4,58.4,69.0,15,1,1,74.67
43.76,24.7,49.7,25.4,5,0,1,42.18
47.55,28.1,56.9,63.2,18,1,1,85.1
56.69,27.8,51.2,16.6,6,0,1,68.52
47.15,28.5,29.9,44.3,9,1,1,77.7
45.44,21.1,87.7,67.8,8,0,2,73.69
35.0,16.0,60.8,20.0,1,0,1,44.79
70.08,38.9,43.0,56.8,14,0,0,90.53
44.84,19.2,53.9,30.7,4,1,1,46.21
35.0,28.9,48.4,18.7,21,0,1,80.96
45.72,24.7,58.8,43.8,3,1,2,52.4
42.44,35.7,62.2,32.1,19,0,1,102.35
35.92,23.9,59.4,32.7,3,1,1,40.59
52.89,31.0,52.6,58.0,17,1,1,91.03
35.0,26.7,68.3,60.2,3,1,1,52.21
48.57,25.7,55.3,76.6,16,0,2,79.72
80.43,24.9,60.3,68.6,11,0,0,83.88
35.49,33.5,45.8,19.8,21,1,1,84.83
63.25,35.6,65.0,64.8,16,0,2,99.71
58.57,27.7,66.2,64.3,9,0,2,95.13
43.65,31.6,53.5,48.7,21,0,1,93.35
35.0,16.0,64.0,14.8,0,0,1,56.92
37.95,36.6,50.4,25.6,21,0,1,98.45
35.0,34.4,51.3,29.4,23,0,1,77.65
47.76,27.9,45.3,73.3,17,1,2,98.23
64.41,27.8,66.4,75.1,17,0,1,104.23
77.75,26.7,56.8,53.9,13,1,1,73.91
70.2,27.0,73.6,68.1,14,0,0,70.0
77.62,31.2,58.4,79.3,11,0,1,108.67
38.86,20.9,43.1,16.8,3,0,0,33.97
35.0,20.6,53.3,11.7,2,0,0,36.41
35.0,32.7,36.7,53.9,19,1,1,91.05
62.23,28.0,47.2,59.1,11,0,0,84.95
55.86,16.0,54.1,47.2,6,0,0,57.05
66.08,29.2,58.6,82.2,10,0,1,102.84
35.0,16.0,64.7,44.5,0,0,0,50.88
46.51,20.8,69.3,30.8,5,0,0,36.96
63.02,27.8,57.5,93.3,14,0,1,80.42
67.82,30.2,53.9,79.4,14,0,0,76.87
56.82,34.0,68.8,68.7,18,1,1,104.66
59.54,22.0,64.2,49.4,10,0,0,76.88
35.0,32.7,53.2,14.0,22,0,2,76.13
35.0,16.0,60.4,25.4,1,0,2,52.88
67.26,34.2,43.3,60.7,13,1,1,87.94
35.0,16.0,73.4,24.1,1,0,1,45.16
35.0,16.0,72.9,30.4,3,0,2,54.79
74.53,29.5,69.0,80.9,16,0,1,88.52
35.0,16.0,71.0,50.4,2,1,0,35.43
74.85,27.1,55.2,83.0,12,0,1,99.1
72.64,21.9,66.6,54.4,8,1,2,78.9
39.35,22.3,61.5,39.5,6,0,1,56.29
78.58,33.7,60.0,77.1,14,0,0,89.76
35.0,32.0,65.1,65.0,22,1,1,67.93
68.01,26.7,57.3,91.3,10,0,2,104.86
48.42,27.7,71.9,50.3,19,1,0,79.19
35.0,17.1,75.8,44.7,1,1,1,38.31
73.11,28.0,57.8,37.9,14,1,0,64.67
73.35,31.6,60.1,54.9,13,0,1,91.38
45.98,28.9,59.3,54.0,19,1,1,87.86
35.0,28.5,57.4,14.5,21,0,1,83.42
79.06,27.3,73.4,54.1,10,1,2,97.25
35.0,26.3,63.1,28.9,2,0,1,51.22
67.63,30.2,49.1,74.7,16,1,1,81.56
59.02,27.7,49.6,89.1,11,0,1,96.25
35.0,35.2,44.0,30.0,23,0,1,74.22
41.68,34.0,56.7,12.0,20,0,1,94.66
55.54,31.7,51.9,53.3,14,1,0,67.19
69.01,30.0,58.7,82.6,15,0,1,87.77
35.0,19.7,71.7,15.1,4,0,0,34.41
35.78,28.9,73.1,44.8,19,1,1,82.69
35.41,22.9,59.1,30.9,5,0,2,50.46
39.25,33.6,41.9,74.4,18,0,2,110.94
35.0,22.9,76.0,22.5,4,0,1,44.72
44.92,16.4,55.2,38.3,2,0,1,47.21
35.0,20.4,51.7,38.1,0,0,1,57.9
35.0,25.5,73.8,46.4,5,0,2,57.11
67.15,24.8,68.7,67.2,14,0,0,68.15
35.0,16.5,70.7,30.2,1,0,2,58.53
35.0,23.0,61.2,40.2,2,1,1,41.55
52.37,28.3,55.4,79.1,16,0,2,84.2
35.0,33.5,48.0,11.4,23,0,2,76.71
83.63,27.1,56.1,43.2,11,1,2,96.35
45.25,32.7,53.4,74.5,17,0,1,101.81
55.67,29.8,45.2,64.9,14,0,0,68.15
71.04,30.0,49.4,71.3,11,1,1,93.04
52.22,26.3,42.1,42.0,15,1,1,61.35
49.19,19.3,65.2,23.0,7,1,0,43.68
64.13,34.7,52.8,55.0,13,1,1,85.84
52.55,39.3,62.8,41.5,16,1,1,86.29
38.06,32.0,57.4,45.1,20,0,1,94.46
58.53,29.8,51.7,37.8,7,1,1,64.48
65.2,26.6,57.1,67.8,14,0,0,71.67
73.39,26.7,62.5,65.6,13,1,2,86.34
49.62,37.2,52.0,85.6,17,0,0,110.67
46.74,35.1,56.5,27.5,19,0,1,96.99
38.18,28.4,60.3,24.2,6,0,1,62.77
35.0,20.2,61.8,28.2,2,1,2,47.85
76.08,23.0,57.3,82.6,11,0,0,90.46
56.19,32.9,49.0,77.0,20,1,1,100.54
35.0,36.2,43.6,37.4,23,1,1,72.01
49.6,17.8,57.1,14.8,2,0,0,39.03
49.58,30.8,70.1,62.2,19,1,1,92.94
88.77,30.8,56.4,60.0,13,1,2,94.07
78.89,27.4,56.8,60.4,14,0,2,89.77
66.6,30.1,52.0,69.0,13,0,0,73.55
55.26,22.2,65.7,46.5,6,0,0,56.16
57.17,29.0,66.5,58.8,16,0,1,75.96
73.44,31.0,61.0,66.7,11,0,1,97.24
35.0,34.5,59.8,48.6,19,1,0,87.45
35.0,17.7,61.1,14.7,3,0,0,35.06
69.68,23.9,60.8,34.7,8,1,2,67.17
47.03,19.9,59.5,30.4,5,0,2,59.05
75.87,27.8,58.6,90.7,15,0,0,81.3
35.0,25.1,70.1,42.4,21,1,1,71.17
35.0,30.0,59.5,31.8,21,1,1,82.31
46.31,29.5,69.4,43.5,20,0,0,87.8
45.72,32.5,51.7,5.0,20,0,1,88.19
35.0,19.4,58.0,33.1,1,0,1,46.11
35.0,28.2,61.6,12.7,23,0,2,67.09
63.39,24.4,61.4,24.4,7,0,1,60.65
73.1,22.2,64.8,81.8,10,0,1,93.77
79.29,27.5,59.4,55.7,12,0,1,93.62
69.02,28.5,53.3,61.7,16,1,1,74.9
55.72,25.9,60.8,27.6,7,0,1,65.2
35.0,32.5,61.8,42.5,20,0,1,94.93
59.53,31.0,63.8,100.0,17,0,0,104.79
74.59,28.9,53.0,41.4,17,1,0,82.96
67.37,27.6,59.8,77.0,13,1,1,76.52
68.2,37.0,62.2,74.5,14,0,2,108.6
35.0,18.9,61.1,30.3,5,1,0,30.0
75.13,28.0,52.4,79.4,10,0,1,105.05
70.76,27.5,64.3,59.4,12,0,1,91.75
35.0,18.9,69.9,10.1,0,0,1,55.29
43.02,24.3,53.9,5.0,5,0,0,33.13
74.46,22.6,50.7,46.6,8,1,2,72.44
53.65,25.8,61.1,43.9,7,1,2,68.51
69.57,37.1,47.0,65.2,10,0,1,108.88
43.97,34.2,39.2,43.3,21,0,1,101.32
49.96,38.2,44.0,67.0,18,0,0,108.14
35.0,33.3,58.2,40.4,23,0,1,76.2
68.01,20.3,62.6,76.5,8,0,2,82.6
71.5,32.0,66.9,66.9,16,0,0,79.86
72.55,25.7,42.7,73.6,11,0,1,97.34
75.19,26.5,69.5,60.0,13,0,1,79.26
61.16,29.4,53.8,77.6,14,0,1,81.69
60.71,29.7,52.3,75.4,15,0,2,91.64
35.0,27.7,45.4,46.3,21,1,0,68.15
35.0,42.0,50.1,35.5,21,0,2,116.99
38.57,35.2,37.3,61.4,19,1,1,99.31
35.0,18.0,72.1,7.3,0,0,2,57.65
66.69,25.4,47.6,51.2,9,1,1,83.07
48.49,27.8,46.9,40.2,7,1,1,64.69
54.32,39.7,38.7,52.3,17,0,2,122.73
35.0,19.8,58.4,28.7,0,0,1,59.74
35.0,18.1,73.0,44.6,1,1,1,46.2
35.0,23.0,73.7,20.7,0,0,1,55.12
41.68,17.6,61.0,22.6,0,0,1,56.87
64.3,25.7,59.0,67.9,8,0,1,75.21
68.82,32.0,58.3,80.0,12,0,2,112.03
35.0,16.0,64.6,26.7,0,0,1,56.86
77.05,19.7,67.8,49.1,12,1,1,80.92
38.97,30.2,55.8,44.4,19,0,2,96.07
35.0,35.0,50.0,17.0,21,0,1,90.58
47.67,24.7,48.8,7.5,6,1,2,55.61
35.0,23.0,62.8,19.4,1,0,2,55.14
48.98,19.4,72.2,52.4,5,1,1,50.84
35.0,28.3,51.2,22.5,6,0,0,54.2
89.37,29.6,40.6,55.4,13,0,0,81.13
54.16,33.8,50.4,47.7,17,1,1,98.22
85.43,33.3,65.5,62.0,14,0,2,99.79
35.0,16.0,76.9,33.1,1,1,0,30.0
69.66,21.0,58.5,36.9,9,1,0,71.64
35.0,27.6,61.6,45.9,22,1,0,48.66
96.22,31.4,59.8,76.5,11,0,2,119.89
60.33,29.7,68.2,62.1,16,1,1,72.73
51.1,31.1,42.7,46.4,7,0,1,77.3
67.0,26.1,50.6,85.3,10,0,1,95.49
35.0,16.0,51.1,49.3,2,1,2,52.68
43.52,18.2,60.0,5.0,5,0,1,36.88
70.53,24.5,69.0,31.0,8,1,1,64.12
49.6,23.0,57.1,20.8,5,1,0,36.3
68.58,20.1,53.5,30.8,8,1,1,62.37
48.17,24.2,62.5,34.5,6,0,1,63.16
67.91,27.3,60.1,35.3,8,1,2,74.94
62.72,28.8,48.8,87.9,17,0,0,96.23
73.51,34.9,48.0,68.3,11,1,0,97.87
58.7,20.8,64.5,25.6,7,0,0,54.97
62.71,19.0,70.8,38.2,7,0,1,67.9
58.16,25.3,54.6,91.4,17,0,2,107.4
45.98,36.8,44.2,30.5,19,0,0,94.8
82.91,29.7,71.5,77.8,14,0,1,91.91
51.75,20.0,61.8,47.6,6,1,1,59.8
66.79,20.2,65.9,58.1,10,0,0,81.54
35.0,30.4,60.9,23.6,19,0,1,90.0
68.58,39.9,33.8,74.7,15,0,1,105.57
35.0,16.0,67.1,20.6,3,0,1,44.84
50.0,18.4,52.1,15.5,5,0,1,46.36
44.94,39.1,47.7,37.0,21,0,1,106.44
35.0,23.3,72.3,27.0,2,0,0,35.63
55.41,21.7,54.6,78.1,8,0,2,71.81
67.48,25.9,46.0,92.1,9,0,1,95.25
67.75,30.7,70.5,72.7,13,0,2,93.98
69.87,26.6,49.5,70.3,10,0,0,86.36
52.18,38.5,37.2,76.3,17,1,0,104.74
35.0,33.3,66.3,22.1,21,1,0,75.08
80.76,31.6,45.2,75.6,11,0,0,98.65
35.0,32.5,67.2,31.1,22,1,1,59.79
88.79,18.9,67.0,78.5,11,0,2,106.09
77.87,23.2,71.7,81.9,12,0,1,92.65
85.31,24.1,62.2,67.5,12,1,1,86.27
44.17,30.7,64.1,87.3,18,0,1,104.49
44.07,40.0,40.6,57.0,18,1,0,97.42
46.12,33.2,48.5,22.7,22,0,1,74.8
69.28,28.4,40.3,81.3,13,0,1,82.16
35.0,24.1,68.5,35.7,3,0,2,54.44
65.63,22.2,65.6,44.4,12,1,2,82.93
71.8,21.0,55.1,28.8,7,0,1,65.7
35.0,29.2,42.7,20.3,22,0,1,66.56
40.73,33.6,55.4,26.0,20,0,2,97.12
35.0,35.3,65.2,20.7,22,0,2,84.97
44.21,33.6,52.0,66.3,18,0,1,101.36
71.78,29.0,51.5,62.8,11,0,2,107.54
63.24,29.9,48.5,58.2,17,1,0,90.14
35.0,22.2,72.2,29.3,5,0,2,54.02
61.86,28.0,51.3,52.8,17,1,0,79.38
61.47,34.4,49.5,74.3,18,1,1,106.73
35.0,29.9,64.4,54.5,21,0,2,105.56
48.17,16.0,72.3,30.0,4,0,1,49.57
35.0,31.5,52.1,24.5,23,0,1,67.72
47.86,16.3,61.3,64.1,8,0,1,66.46
35.0,24.2,72.3,29.4,2,0,2,54.7
62.99,28.2,48.5,92.7,9,0,2,107.7
57.03,33.1,51.9,98.4,18,0,1,114.3
35.0,16.0,55.2,41.8,2,0,1,47.46
35.0,29.1,66.2,35.1,21,0,2,90.87
72.3,29.8,52.3,79.9,14,0,1,94.05
35.0,16.0,61.6,12.4,0,0,1,51.49
45.66,16.0,72.5,38.8,6,1,1,62.73
63.23,21.8,51.2,72.4,11,0,1,89.46
60.75,29.8,61.2,73.9,16,0,0,77.41
49.1,26.9,55.6,51.4,20,1,0,75.42
35.0,36.9,40.9,34.1,23,0,0,70.7
38.61,33.9,45.0,21.7,19,0,2,99.48
38.76,16.8,61.1,20.7,4,0,1,42.61
35.0,23.8,57.4,16.4,3,0,1,40.3
82.18,30.9,45.7,77.8,11,0,1,112.21
35.0,33.1,55.9,43.0,19,0,1,96.81
35.0,31.2,45.2,24.9,23,0,1,71.24
76.78,30.2,36.9,78.4,17,0,2,120.25
53.36,28.8,72.3,83.2,16,1,1,73.9
61.78,26.4,60.5,74.4,18,1,2,95.35
63.47,30.1,72.0,82.1,8,0,1,85.45
35.0,17.0,58.0,46.5,3,1,1,43.47
35.0,32.1,58.1,17.8,20,0,1,90.37
35.0,16.0,74.4,16.6,1,0,2,50.01
35.0,18.1,64.0,41.7,3,1,2,57.09
35.0,29.1,45.2,27.0,1,0,0,45.46
83.3,26.8,56.5,64.8,14,0,1,84.18
35.0,23.4,66.3,33.4,1,0,1,44.86
35.0,19.0,69.5,21.7,3,0,1,44.78
41.38,23.7,61.1,53.5,5,1,0,38.88
56.46,26.9,65.7,39.3,6,1,2,70.21
72.86,26.1,65.9,38.3,9,1,2,87.57
44.87,30.3,51.6,48.8,18,1,0,80.93
42.18,31.0,43.1,65.1,18,0,2,107.63
35.0,31.3,56.5,40.8,21,0,0,81.22
73.97,34.5,46.4,78.2,11,0,0,104.21
35.0,16.0,68.3,29.7,2,0,0,39.26
80.67,20.9,74.0,94.2,12,0,0,92.63
55.28,24.6,63.8,44.2,17,1,2,92.0
55.04,19.4,74.9,33.1,7,0,0,56.23
35.27,34.8,44.1,5.9,20,0,1,88.83
72.87,32.7,62.5,69.7,14,0,0,82.45
35.0,16.0,80.6,11.3,0,0,1,50.03
35.86,18.2,65.9,50.3,2,1,0,35.24
